Student_ID,Age,Gender,Department,Year,Hours_Studied,Attendance,Previous_Marks,Assignment_Score,Internal_Marks,Quiz_Score,Practical_Score,Study_Hours_Per_Day,Sleep_Hours,Class_Participation,Internet_Usage,Final_Marks,Passed
S1861,22,Female,ECE,1,7.0,84.5,75.8,57.3,79.4,83.0,80.2,1.3,7.0,High,3.9,52.4,1
S0354,19,Female,AIML,3,13.2,100.0,76.1,93.1,81.4,66.8,77.6,7.1,5.2,Medium,5.7,71.8,1
S1334,25,Male,IT,2,4.7,69.3,44.9,63.9,74.5,41.5,62.7,2.7,5.9,Medium,2.4,37.4,0
S0906,23,Male,CSE,1,8.4,82.2,65.8,91.7,77.0,63.4,100.0,4.7,5.6,High,1.8,49.7,1
S1290,18,Male,EEE,4,10.0,64.2,68.1,73.0,62.0,47.7,62.5,2.8,7.2,High,1.3,54.1,1
S1274,18,Male,EEE,1,1.1,59.5,37.2,41.8,52.4,43.5,53.1,1.3,9.5,Low,2.0,45.1,1
S0939,18,Female,EEE,2,2.1,77.5,79.0,77.1,79.3,64.2,65.2,3.6,7.4,Medium,4.0,54.9,1
S1732,21,Female,IT,1,2.4,80.4,68.3,62.1,76.8,72.3,56.4,4.8,6.8,Medium,2.0,43.0,1
S0066,21,Female,CSE,4,0.7,51.4,36.5,30.1,40.9,48.7,35.6,0.3,8.2,Low,5.2,23.8,0
S1324,19,Female,AIML,3,10.3,58.4,67.9,76.1,76.6,68.6,79.3,6.4,7.3,Medium,3.3,63.2,1
S0057,18,Male,EEE,2,0.5,43.5,32.2,44.8,42.9,43.7,25.0,0.3,6.1,Low,5.6,24.8,0
S1293,21,Male,CSE,1,8.4,89.5,82.7,61.8,72.9,91.6,83.4,4.3,8.1,High,0.5,66.5,1
S1119,19,Male,EEE,3,1.5,69.3,60.1,63.9,47.9,58.3,81.7,2.7,6.1,Low,4.6,58.7,1
S0585,21,Female,ME,3,2.2,43.4,46.9,65.8,53.5,44.3,52.4,0.3,7.2,Low,2.6,32.9,0
S0375,18,Female,ECE,1,6.5,86.7,65.3,58.2,55.2,55.4,68.9,1.8,6.2,High,4.5,48.6,1
S0276,20,Female,ECE,3,2.3,53.7,41.0,77.2,40.1,56.5,55.6,1.4,7.1,Low,5.7,47.8,1
S0747,20,Female,CSE,3,1.6,54.3,44.7,52.3,65.5,33.4,56.3,2.1,7.8,Low,5.2,42.6,1
S0129,18,Female,IT,1,6.7,59.0,47.9,63.0,57.0,45.2,47.1,0.3,7.7,High,0.8,42.7,1
S1647,19,Male,CSE,2,14.0,73.0,73.9,71.1,78.9,73.7,84.8,2.3,6.5,Low,4.8,66.0,1
S1853,22,Female,Civil,4,8.5,92.2,75.7,66.6,89.1,76.2,74.6,4.9,8.3,High,3.7,48.0,1
S0675,20,Female,IT,1,7.5,85.6,69.9,80.5,69.6,53.7,64.5,1.5,5.7,High,2.5,55.2,1
S1665,25,Female,ME,2,9.8,85.4,72.0,66.5,81.1,72.1,70.7,3.0,5.7,Low,2.5,51.7,1
S1982,22,Female,CSE,1,0.5,46.7,26.8,40.3,28.7,15.7,29.9,0.3,8.4,Low,5.6,28.0,0
S1084,23,Female,CSE,2,6.1,73.7,70.4,64.8,41.3,70.3,68.6,3.8,5.7,Medium,2.7,55.1,1
S1923,21,Female,CSE,1,4.2,75.2,86.4,81.0,74.2,84.2,78.9,4.2,5.9,High,0.5,65.3,1
S0100,18,Male,CSE,4,4.6,61.2,62.9,61.9,39.4,52.9,66.5,0.3,8.8,High,2.4,41.8,1
S1180,21,Female,AIML,2,3.9,79.9,62.9,61.3,64.9,60.0,77.2,2.3,6.8,Medium,3.2,43.8,1
S0965,19,Female,ECE,2,6.3,86.1,72.1,87.1,70.7,89.2,81.1,3.9,6.3,Medium,7.8,63.8,1
S0793,20,Female,CSE,2,9.5,72.3,82.7,75.5,85.8,82.6,49.7,3.5,6.2,High,1.7,67.4,1
S0030,18,Female,IT,1,1.9,48.8,55.6,50.4,56.5,30.3,51.0,0.4,7.7,Low,3.1,40.1,1
S0629,18,Male,ME,3,1.1,57.3,49.5,59.9,49.1,49.0,56.1,4.4,7.0,Low,0.9,38.6,0
S0945,19,Female,EEE,3,11.1,73.4,64.9,57.0,54.7,52.4,65.8,2.6,5.8,Low,2.7,44.1,1
S0573,20,Male,CSE,1,0.5,74.3,49.7,28.6,56.6,62.5,63.8,1.5,6.7,Low,5.1,47.3,1
S0908,20,Male,CSE,4,10.7,100.0,86.0,79.2,86.4,57.0,64.0,3.6,7.0,High,4.4,67.1,1
S1081,22,Female,CSE,2,5.4,49.7,47.6,75.3,59.6,78.2,72.2,0.3,7.8,Low,3.1,31.1,0
S0451,22,Male,IT,4,1.2,39.6,65.1,57.0,55.6,50.4,63.6,2.0,7.1,Medium,3.2,32.2,0
S1610,21,Female,ECE,1,9.7,61.7,79.1,64.7,53.7,66.2,53.3,2.6,5.9,Low,3.1,55.0,1
S1291,20,Male,IT,3,0.5,93.3,64.4,59.7,69.8,42.5,55.1,0.6,8.3,Medium,6.3,31.0,0
S1079,19,Male,ECE,3,9.1,89.4,75.1,100.0,83.7,71.3,70.5,3.8,6.1,High,3.5,57.6,1
S0255,19,Female,CSE,2,4.6,74.3,58.4,78.7,58.2,53.8,79.3,0.3,6.9,Low,1.5,48.8,1
S0125,19,Female,EEE,4,1.1,61.7,59.9,52.1,55.4,59.6,48.1,0.8,5.0,Low,4.2,54.8,1
S1928,20,Female,ME,4,8.1,71.4,65.2,81.7,80.2,64.1,64.3,3.9,5.7,Medium,5.0,48.8,1
S0252,20,Female,CSE,1,4.5,44.0,53.4,58.3,62.3,53.5,53.5,2.5,7.0,Low,4.2,49.9,1
S0586,19,Female,AIML,2,9.2,82.7,85.3,87.3,72.4,75.9,79.1,3.1,6.5,High,0.9,74.9,1
S1569,21,Female,Civil,4,6.1,100.0,83.4,77.9,83.9,83.9,89.2,2.6,7.1,High,3.7,57.4,1
S0825,21,Male,ECE,1,7.5,59.0,68.4,69.2,65.5,63.0,74.3,2.9,6.9,High,3.8,57.8,1
S0508,22,Male,CSE,4,2.2,62.9,52.9,37.1,50.0,67.0,54.1,0.3,7.0,Low,4.9,36.7,0
S0890,19,Female,ME,2,3.0,68.8,47.2,69.1,80.5,61.8,59.8,0.3,6.3,Medium,3.5,36.0,0
S0071,22,Female,IT,4,8.8,89.7,79.8,82.2,83.1,91.6,67.4,5.7,7.2,High,2.3,72.3,1
S1609,19,Female,ECE,2,3.5,79.3,69.3,53.5,62.5,67.1,60.4,1.5,6.9,Medium,3.0,50.4,1
S1533,21,Male,ME,1,2.3,55.8,85.3,72.1,65.3,57.2,72.3,2.0,7.1,Medium,5.6,62.5,1
S0248,24,Female,CSE,4,9.1,88.2,67.8,82.6,72.3,58.7,77.4,2.4,7.0,Medium,4.4,56.1,1
S1451,20,Male,IT,3,5.7,69.7,63.8,93.7,73.4,52.1,79.3,3.9,6.9,High,1.9,46.2,1
S0213,21,Male,ECE,2,4.8,75.9,61.0,67.9,64.2,53.5,74.4,2.3,7.4,High,3.9,48.5,1
S0910,20,Male,ECE,2,4.0,66.4,49.8,60.9,63.0,39.2,62.4,1.3,6.5,Low,6.1,46.5,1
S1742,22,Female,ECE,1,5.1,93.9,76.4,89.6,64.6,71.6,75.7,3.1,9.7,Low,3.3,59.1,1
S1245,22,Female,EEE,2,2.1,75.0,69.2,66.6,75.7,76.4,61.8,2.1,8.7,Low,0.5,43.4,1
S1697,18,Female,ECE,2,9.2,90.5,88.9,74.9,97.6,79.8,86.4,5.1,4.6,Medium,0.5,67.5,1
S1183,21,Male,CSE,4,2.3,60.2,45.2,73.5,68.0,63.8,67.9,2.4,6.9,Low,3.7,40.8,1
S0362,21,Male,ME,2,0.5,30.0,42.8,43.4,32.7,17.5,43.3,0.3,6.1,Low,2.7,30.8,0
S1474,20,Female,ME,2,4.7,70.6,85.1,81.4,70.6,63.3,83.6,1.5,7.6,Medium,4.4,52.3,1
S0679,24,Male,ME,3,0.5,30.0,43.1,50.7,54.2,71.0,51.3,0.3,7.9,Medium,2.1,19.9,0
S1622,18,Male,AIML,3,12.1,79.5,89.2,75.4,76.1,81.2,75.1,5.3,9.2,Medium,3.1,65.1,1
S1090,19,Male,CSE,1,5.4,78.3,77.6,77.7,69.9,74.7,57.4,3.2,7.1,Medium,3.9,58.1,1
S1988,20,Male,AIML,2,3.4,41.2,31.5,59.7,33.2,62.0,42.2,2.1,7.8,Low,4.3,35.9,0
S1848,19,Female,EEE,2,3.9,51.1,52.2,64.1,39.2,45.3,57.2,0.3,6.1,Low,6.7,46.2,1
S0988,20,Male,ME,2,5.8,97.1,70.8,53.5,69.2,66.7,77.6,3.0,5.5,High,3.1,52.2,1
S1513,24,Female,Civil,1,4.4,81.8,63.3,72.1,56.8,67.1,56.4,2.8,5.7,Medium,3.3,49.5,1
S0112,19,Male,ECE,2,7.1,69.1,69.7,53.3,55.3,51.4,62.8,2.1,4.3,Medium,5.5,54.7,1
S1488,21,Male,ME,4,6.8,94.4,72.3,63.6,77.1,80.6,80.1,2.2,7.0,High,0.5,52.9,1
S1454,21,Male,IT,3,3.0,89.6,74.1,51.2,60.0,55.9,64.0,1.4,5.2,Medium,4.1,47.7,1
S0384,23,Male,ECE,1,9.1,62.7,67.8,65.8,74.0,47.0,66.5,3.2,8.2,Low,3.3,57.3,1
S1396,22,Female,IT,1,3.7,39.1,50.2,48.1,41.5,48.5,62.7,0.3,6.6,Low,5.4,44.7,1
S1055,25,Female,IT,2,4.2,76.4,72.9,48.6,75.5,69.0,83.9,1.6,4.4,High,3.1,45.6,1
S0756,22,Male,Civil,2,2.0,62.9,61.6,62.8,67.2,52.6,57.0,0.3,6.4,Medium,2.6,34.0,0
S0325,24,Female,EEE,1,5.4,93.4,64.8,56.8,53.0,45.2,69.0,2.2,7.3,Medium,1.2,51.5,1
S1624,24,Female,EEE,3,4.8,80.2,66.1,71.4,77.3,58.5,69.2,2.4,5.0,Medium,7.5,46.1,1
S0788,20,Male,Civil,4,11.7,100.0,69.1,50.2,51.7,47.5,67.7,0.6,7.8,Medium,2.4,58.7,1
S0369,19,Male,CSE,2,5.1,85.0,76.2,52.9,73.2,84.0,70.1,3.1,5.9,Medium,1.5,43.7,1
S1820,20,Male,ECE,3,1.2,56.8,43.3,50.3,48.8,52.6,45.8,0.3,9.3,Low,3.6,35.3,0
S0070,25,Male,Civil,1,3.9,66.8,52.3,65.2,55.9,71.3,65.5,1.1,7.3,Low,4.0,47.9,1
S0858,20,Male,AIML,2,6.7,90.6,68.5,60.7,48.7,53.8,61.5,2.3,5.0,Low,3.7,59.7,1
S1484,18,Female,EEE,2,7.7,75.7,65.6,68.3,85.0,48.5,52.7,2.0,5.4,High,3.7,44.1,1
S1556,19,Female,EEE,2,1.6,74.7,48.0,60.5,54.4,68.6,70.9,3.8,8.0,Low,2.4,44.6,1
S1692,20,Male,CSE,4,3.5,70.6,61.3,79.9,82.1,61.9,80.7,2.9,6.3,Medium,1.5,62.7,1
S1475,20,Female,CSE,2,6.3,65.9,80.1,83.5,84.6,61.6,74.4,5.7,6.0,Medium,1.1,55.2,1
S1799,18,Male,AIML,1,0.5,30.0,44.5,28.6,25.0,21.9,41.9,0.3,7.1,Low,5.3,40.2,1
S0479,24,Male,ME,2,10.5,70.2,72.0,90.3,75.1,86.3,97.6,5.1,6.8,High,3.0,61.3,1
S0282,20,Male,EEE,3,5.1,30.0,48.6,55.9,45.2,32.0,55.5,0.3,7.8,Low,7.9,38.0,0
S1648,22,Male,EEE,1,6.2,56.5,74.8,68.8,66.1,50.7,69.1,4.6,8.1,High,1.0,40.6,1
S1557,21,Male,CSE,1,0.5,32.7,31.0,40.0,25.0,15.0,33.7,1.3,8.4,Low,4.7,31.4,0
S1730,21,Female,AIML,3,9.7,74.8,91.0,67.5,91.2,96.6,78.3,2.6,8.2,High,4.3,64.8,1
S0211,21,Female,CSE,2,2.1,61.6,55.2,56.1,59.2,61.4,56.7,0.3,7.4,Low,3.9,34.4,0
S0298,19,Male,CSE,1,10.1,97.6,88.7,80.4,73.0,83.9,77.2,5.0,5.0,High,2.9,59.8,1
S1885,19,Female,ECE,1,7.2,84.0,58.8,80.5,76.6,62.9,81.9,2.7,6.2,High,4.7,66.9,1
S1834,22,Male,IT,4,5.9,76.2,57.1,50.7,61.0,52.7,68.4,2.2,5.9,Low,5.0,44.1,1
S0652,21,Male,EEE,4,0.5,68.1,49.4,74.9,61.2,61.2,41.7,0.6,6.2,Low,2.1,35.5,0
S1234,18,Male,IT,3,4.5,77.2,44.8,53.0,48.4,29.1,50.0,3.4,7.5,Low,3.7,39.4,0
S1503,18,Female,CSE,1,6.3,71.0,68.3,65.8,70.1,50.7,71.0,0.8,6.2,Medium,5.7,53.5,1
S1932,21,Male,IT,3,4.2,64.1,45.5,69.3,28.8,46.2,57.1,1.5,6.9,Low,0.5,44.9,1
S0917,19,Female,IT,2,1.8,67.0,40.4,50.7,58.8,36.8,59.0,1.2,6.5,Low,1.9,30.3,0
S0994,21,Male,ME,1,6.5,51.0,48.6,68.2,47.5,61.2,50.6,1.9,8.0,Low,5.4,36.6,0
S0430,18,Female,EEE,3,4.1,65.8,50.3,53.3,46.1,51.4,48.4,0.9,6.9,Low,2.0,33.9,0
S1371,24,Male,IT,3,11.8,58.8,58.1,73.6,68.6,63.2,75.3,1.6,8.1,High,3.1,52.3,1
S0240,19,Male,IT,4,0.5,42.3,25.0,48.6,38.1,29.1,36.8,0.8,6.8,Low,2.3,28.5,0
S0880,19,Male,Civil,1,1.1,61.8,54.8,65.8,46.2,59.9,65.5,0.3,7.8,Low,6.3,43.5,1
S0621,19,Female,Civil,1,4.5,99.2,58.8,79.6,56.1,56.7,68.6,2.8,7.7,Medium,2.1,49.0,1
S0257,23,Male,AIML,3,3.6,78.9,71.1,82.4,94.2,67.2,79.6,1.9,8.1,High,4.0,55.6,1
S0612,22,Male,CSE,3,14.7,93.1,80.7,77.8,66.9,76.4,57.8,3.5,6.9,High,6.4,75.5,1
S0545,21,Male,IT,2,9.6,89.6,61.1,64.4,67.1,75.0,63.4,3.2,8.8,High,3.2,50.7,1
S0772,22,Male,IT,4,8.8,87.1,91.8,76.5,73.2,77.7,82.1,5.7,6.3,High,2.4,54.7,1
S1420,23,Male,IT,3,6.6,76.2,83.8,98.5,81.3,79.2,83.8,4.8,6.0,High,3.1,59.5,1
S1042,22,Female,ME,2,2.2,61.5,55.2,59.3,65.4,48.5,55.1,3.1,7.1,Medium,2.3,43.0,1
S1790,20,Female,CSE,3,6.2,65.1,63.7,69.7,66.2,71.5,75.8,4.3,6.4,High,5.4,46.7,1
S0760,22,Male,AIML,2,11.7,71.1,71.1,78.6,62.1,58.9,67.8,3.1,6.4,Medium,4.5,51.7,1
S0383,21,Female,ECE,1,2.6,51.7,71.1,90.9,64.3,69.1,63.0,1.4,8.1,Low,4.0,45.8,1
S1104,23,Male,IT,3,9.1,99.4,98.0,92.3,65.0,83.8,76.5,4.9,8.3,High,1.9,54.7,1
S0974,19,Female,ME,2,0.5,73.6,37.0,50.3,37.4,52.9,61.5,0.3,6.5,Medium,5.1,28.0,0
S0353,21,Female,IT,1,3.9,54.4,62.9,76.4,52.6,55.0,50.5,0.3,5.5,Low,5.3,48.3,1
S1606,20,Male,ME,3,3.1,45.2,80.3,65.8,63.2,71.6,50.3,1.7,6.3,Low,3.4,47.1,1
S1826,21,Male,IT,4,0.5,70.9,26.2,45.7,54.0,66.0,42.7,2.6,6.6,Low,1.7,38.0,0
S1037,20,Male,ME,1,2.9,100.0,63.5,74.1,58.9,66.1,58.6,1.9,7.5,High,3.4,41.6,1
S1108,22,Male,CSE,1,8.8,100.0,90.5,80.3,62.9,71.1,85.7,5.0,5.5,Medium,1.2,67.7,1
S0495,20,Male,EEE,4,6.1,65.7,78.4,71.1,73.4,59.4,91.2,5.4,6.5,High,2.0,42.9,1
S0394,22,Male,CSE,3,5.0,45.0,57.1,65.8,61.3,34.7,78.7,0.3,7.3,Medium,1.4,50.8,1
S1547,22,Male,CSE,4,3.6,34.5,47.1,60.7,56.7,55.4,65.8,2.9,7.8,Low,2.9,45.9,1
S0465,24,Female,ME,4,10.0,58.4,98.0,81.8,83.0,86.8,85.2,5.1,6.4,High,4.1,68.0,1
S0887,21,Male,IT,1,6.3,79.3,58.5,48.0,56.3,53.7,62.8,2.3,7.8,Medium,3.1,46.8,1
S1194,21,Male,AIML,1,4.3,65.2,45.6,64.7,51.3,46.7,56.2,2.7,5.9,Low,1.2,45.0,1
S0367,24,Male,CSE,2,7.0,77.5,71.5,71.4,79.8,51.4,76.9,2.2,7.4,Medium,4.5,44.8,1
S1894,19,Male,CSE,2,6.6,90.6,81.1,74.5,72.5,69.4,64.8,2.4,4.5,Medium,3.0,64.0,1
S1874,22,Female,Civil,4,5.3,81.2,75.8,75.8,74.2,71.3,80.7,2.3,5.0,High,2.6,50.8,1
S0745,19,Female,CSE,2,7.8,91.1,74.7,70.6,68.0,60.6,63.6,1.7,9.0,Low,5.3,51.3,1
S0530,22,Female,CSE,4,1.3,66.7,47.8,64.8,48.5,36.9,55.7,0.6,6.9,Low,2.2,21.1,0
S0803,21,Female,Civil,1,7.2,88.4,62.3,85.0,65.1,89.1,66.1,3.8,3.5,High,4.8,46.1,1
S1224,23,Male,IT,2,4.7,66.9,45.3,70.3,73.0,53.8,65.5,2.7,7.5,Medium,4.3,36.7,0
S1979,23,Male,ECE,3,0.5,94.9,62.0,40.1,53.6,65.8,64.4,0.4,8.2,Low,3.5,47.5,1
S1906,19,Male,ME,4,0.7,60.9,29.2,50.2,34.3,29.5,54.7,0.3,7.3,Low,5.9,38.6,0
S1700,21,Male,IT,2,3.1,41.5,53.7,52.5,61.0,53.4,56.5,1.7,5.7,Medium,2.2,28.8,0
S1545,24,Female,ME,1,2.6,74.7,53.8,49.4,46.6,50.3,51.2,0.5,8.9,Medium,4.0,44.4,1
S1314,22,Male,AIML,2,2.5,72.1,52.6,45.3,63.9,40.1,52.0,1.8,6.8,Medium,3.1,27.2,0
S0307,20,Male,ECE,2,0.5,77.3,30.2,55.2,66.9,55.6,53.1,1.0,5.9,Low,5.0,40.4,1
S1667,19,Female,ME,3,1.4,72.1,58.3,49.7,71.3,49.9,56.4,1.2,4.8,Medium,4.9,40.3,1
S0863,21,Female,CSE,4,0.8,92.6,61.8,51.9,35.8,45.6,70.3,2.1,6.5,Low,7.4,46.1,1
S1567,21,Female,ME,4,3.7,62.5,51.4,40.3,59.9,21.2,48.0,1.0,7.6,Low,5.1,46.4,1
S0531,22,Female,IT,3,1.6,50.9,43.6,58.7,49.1,44.5,45.3,1.5,6.2,Low,5.3,39.3,0
S0655,20,Female,IT,1,3.5,45.1,53.8,85.7,67.4,59.5,65.0,2.3,4.9,Low,6.6,36.5,0
S1260,21,Female,Civil,2,2.5,43.6,41.1,70.7,49.0,62.7,42.2,0.8,6.3,Low,5.3,30.5,0
S0234,20,Female,AIML,1,2.9,66.1,80.1,74.4,76.6,63.7,95.4,1.4,5.9,High,2.9,45.2,1
S0121,22,Female,IT,1,4.9,87.8,74.5,67.3,90.7,82.3,96.9,3.5,7.3,High,1.4,64.9,1
S1698,19,Female,IT,3,10.1,84.6,95.8,100.0,72.3,90.7,93.6,5.5,6.0,High,2.6,71.6,1
S0950,21,Female,Civil,1,3.3,61.8,68.5,55.8,44.9,45.7,64.6,1.8,7.4,Low,5.8,39.3,0
S0618,19,Male,Civil,2,2.0,67.9,70.0,68.6,54.9,54.4,65.6,1.0,7.1,Medium,4.3,50.1,1
S1179,22,Female,ECE,1,9.5,69.5,65.3,65.8,45.0,46.8,65.1,1.6,7.0,Medium,0.8,57.2,1
S0308,20,Female,ME,2,6.1,65.7,58.7,55.0,66.7,42.9,79.3,4.4,8.5,Medium,4.2,37.6,0
S0136,20,Female,CSE,1,3.6,64.1,61.1,48.9,56.1,44.0,64.6,1.1,7.1,Low,4.6,35.0,0
S0555,23,Male,ECE,3,7.0,78.0,66.8,66.0,53.5,66.3,71.4,2.3,7.4,High,4.4,55.3,1
S1674,22,Male,IT,2,4.7,58.0,62.3,71.1,73.5,61.9,81.7,2.8,5.5,Low,0.5,41.9,1
S0584,20,Male,EEE,1,2.3,76.3,56.3,74.2,44.8,55.9,59.2,2.9,7.1,Low,2.1,50.1,1
S1641,21,Male,ECE,2,0.5,64.9,62.4,44.0,56.8,38.5,55.6,0.3,6.4,Low,1.3,45.9,1
S0671,19,Female,IT,2,8.8,100.0,81.9,92.0,86.1,82.5,87.4,6.2,8.4,High,2.1,75.0,1
S0835,20,Male,ECE,4,2.2,51.7,52.8,64.4,52.4,52.0,66.5,0.8,8.7,Medium,2.5,46.3,1
S0110,18,Female,ECE,4,2.8,73.1,70.8,63.9,68.3,56.6,67.7,1.5,7.7,High,7.5,51.7,1
S1165,19,Male,CSE,3,5.5,63.9,71.7,59.6,68.8,39.7,64.0,3.0,7.3,Medium,2.6,48.3,1
S1960,22,Male,EEE,1,8.7,91.5,93.4,85.1,95.5,70.3,95.0,5.4,6.8,Medium,3.3,71.8,1
S1465,25,Male,IT,2,9.1,100.0,98.0,100.0,98.9,90.0,90.0,5.4,6.0,High,4.8,68.3,1
S1729,22,Male,CSE,4,6.6,72.6,65.0,69.1,55.7,37.7,47.9,2.6,6.6,High,3.8,44.4,1
S1243,22,Female,ECE,1,8.3,87.1,89.4,64.1,82.4,81.6,66.3,2.6,5.7,Medium,4.0,54.8,1
S0212,21,Female,ECE,1,6.2,50.0,63.3,63.1,59.5,60.1,65.7,1.3,5.2,High,4.0,40.2,1
S1768,20,Male,CSE,2,1.6,86.9,55.1,60.0,52.1,55.2,74.9,2.6,5.4,Low,5.3,40.8,1
S1121,23,Male,IT,4,0.5,55.4,50.9,51.8,51.3,55.2,49.8,2.7,9.8,Medium,4.6,34.0,0
S0680,22,Male,ME,2,7.8,91.6,92.3,84.0,78.0,89.9,78.0,3.5,6.3,High,3.0,58.6,1
S1951,18,Male,CSE,4,0.5,80.2,43.3,36.5,43.4,16.5,43.0,0.4,9.2,Low,2.4,29.7,0
S1839,23,Female,ME,2,2.9,49.4,53.2,71.8,58.6,43.7,61.4,0.3,5.5,Medium,4.7,31.8,0
S0412,24,Male,CSE,2,7.7,50.4,63.7,61.9,85.0,70.4,78.2,4.4,7.4,Medium,3.0,51.1,1
S1325,24,Female,CSE,1,5.9,75.6,79.0,93.3,61.7,86.1,81.3,3.2,7.2,High,5.8,63.6,1
S0783,19,Female,ECE,2,3.7,85.5,71.4,56.1,53.8,60.7,66.1,0.3,7.1,Low,3.8,43.4,1
S1346,20,Female,ECE,1,4.6,95.7,89.3,91.1,73.5,93.0,84.4,4.2,10.1,High,1.6,62.7,1
S0875,18,Female,IT,4,7.1,89.7,89.8,77.8,82.9,88.8,82.1,3.9,6.9,High,4.1,56.3,1
S1653,19,Female,CSE,1,6.6,77.4,82.9,78.8,79.2,80.1,99.0,4.6,7.5,High,7.0,51.3,1
S1279,19,Male,AIML,3,7.8,84.6,91.7,93.6,68.7,70.1,98.4,3.7,6.0,High,2.9,54.2,1
S0786,23,Male,IT,4,0.5,48.8,56.4,25.9,47.2,34.6,47.0,1.0,9.8,Low,4.2,23.2,0
S1819,21,Female,AIML,4,0.8,98.0,98.0,86.2,69.1,91.7,76.9,4.9,5.7,High,5.0,63.2,1
S1199,22,Male,IT,4,10.0,99.9,83.0,98.5,86.0,93.5,85.4,4.3,6.6,High,3.4,62.8,1
S0808,23,Male,AIML,2,3.2,58.8,71.4,49.7,56.7,70.9,81.5,2.3,7.5,Medium,0.7,43.9,1
S0713,20,Male,CSE,3,2.4,80.5,57.1,64.5,47.2,68.0,57.3,3.0,7.5,Low,3.2,50.1,1
S1991,22,Male,CSE,3,4.6,96.3,65.5,82.2,82.2,55.7,81.0,3.1,7.0,High,5.2,49.7,1
S1660,20,Female,ME,3,9.6,92.1,77.2,79.6,76.0,77.8,84.3,5.0,5.6,High,0.7,58.6,1
S1191,18,Male,IT,3,2.8,67.7,51.3,62.4,57.8,54.1,66.1,1.4,6.7,Medium,3.0,41.1,1
S1226,21,Female,CSE,4,5.4,72.3,61.7,70.7,74.9,55.7,54.1,1.2,5.3,Low,3.7,38.5,0
S0603,19,Female,Civil,2,0.5,66.5,54.4,56.7,53.1,60.9,56.5,0.3,7.2,Medium,3.0,37.4,0
S0271,22,Male,ME,2,10.7,82.0,94.6,100.0,80.0,64.5,87.6,5.1,6.2,High,2.4,62.8,1
S1385,21,Male,ME,3,5.9,80.5,39.6,54.6,57.3,52.8,78.0,0.9,6.2,Low,5.1,46.5,1
S0232,20,Male,ECE,4,10.5,97.7,91.8,100.0,67.0,79.7,100.0,5.0,5.3,High,4.1,66.9,1
S0050,19,Male,CSE,4,1.5,39.7,44.5,40.1,50.0,52.8,59.0,2.2,8.9,Low,4.0,42.9,1
S0463,22,Female,AIML,4,0.5,66.7,34.8,39.8,49.1,41.7,31.8,2.0,8.6,Low,3.0,32.1,0
S1106,19,Male,CSE,1,4.0,100.0,68.3,75.2,59.6,58.8,75.2,3.2,8.0,Medium,4.0,60.7,1
S0856,19,Male,CSE,2,7.7,60.5,58.1,51.9,50.8,45.8,66.2,2.5,6.5,Low,5.5,44.0,1
S0694,19,Male,ECE,4,2.7,71.6,60.0,63.7,60.3,52.6,53.7,0.8,6.3,Medium,4.8,48.0,1
S1552,21,Male,IT,2,4.4,84.2,64.3,64.9,64.1,67.4,80.4,1.7,7.5,Medium,4.3,53.4,1
S1873,20,Male,ME,4,0.5,41.2,50.9,57.6,60.9,42.1,62.1,2.4,8.0,Low,4.0,18.8,0
S0527,20,Male,EEE,1,5.5,62.7,65.4,75.6,42.7,49.1,70.4,3.5,8.1,Medium,2.7,44.7,1
S0174,19,Female,ECE,4,9.7,64.1,65.8,71.8,82.7,69.0,67.2,3.7,7.5,Medium,6.0,57.6,1
S0721,23,Female,IT,4,3.0,75.2,46.4,63.9,56.2,57.2,74.8,3.3,7.9,Medium,0.8,46.8,1
S0415,21,Male,IT,1,7.0,85.2,82.4,86.2,73.3,47.3,87.0,3.3,5.9,Medium,1.8,50.3,1
S0238,18,Male,EEE,3,0.5,84.0,55.5,40.0,38.3,42.6,65.3,0.3,5.3,Low,3.3,37.6,0
S1473,23,Female,CSE,4,6.4,98.7,70.9,64.3,81.3,89.6,69.3,4.9,5.3,High,1.9,61.8,1
S1336,21,Female,AIML,1,0.5,64.4,71.8,53.1,63.0,52.7,69.6,1.4,6.2,Low,4.9,37.8,0
S1064,20,Female,IT,4,9.3,89.6,59.4,71.1,71.8,68.5,72.7,2.5,7.2,Low,2.5,59.8,1
S0024,20,Male,Civil,1,2.1,38.0,59.6,56.4,53.8,49.1,72.1,0.4,6.0,Low,4.2,35.5,0
S1767,22,Female,CSE,2,2.4,78.9,65.4,67.7,65.6,67.5,62.2,0.3,8.1,Low,7.2,39.9,0
S0064,20,Male,CSE,3,4.9,100.0,89.4,96.3,78.0,81.7,75.7,5.9,7.4,High,2.1,63.2,1
S0290,21,Male,EEE,2,5.5,53.0,33.0,64.1,33.8,29.7,56.9,0.3,7.3,Low,3.6,32.0,0
S0189,21,Female,ME,1,6.8,60.2,75.8,80.6,51.8,70.8,69.2,3.0,8.8,Medium,6.5,53.9,1
S0702,18,Female,CSE,3,1.9,79.0,42.5,62.8,56.2,52.6,74.5,3.2,7.0,Medium,2.1,49.0,1
S1815,18,Male,CSE,1,3.7,62.0,53.8,35.2,55.6,32.4,57.8,2.1,7.0,Low,4.4,41.9,1
S1138,20,Female,CSE,3,5.2,79.8,70.3,60.1,56.1,63.0,63.7,5.1,7.5,High,4.6,49.6,1
S0355,18,Female,ECE,4,5.1,75.4,43.3,45.0,40.3,41.6,64.1,1.0,7.1,Medium,2.7,27.2,0
S0417,19,Male,IT,2,13.8,100.0,90.4,78.8,97.5,88.6,78.9,4.1,6.3,High,4.2,81.1,1
S1246,21,Male,ECE,1,5.0,40.9,57.0,55.6,58.3,56.8,49.2,1.1,7.2,Low,5.7,38.5,0
S0931,19,Female,IT,2,6.3,77.4,66.8,58.3,59.5,58.8,64.0,2.3,6.0,High,3.5,54.5,1
S0197,22,Male,CSE,1,4.2,87.4,46.1,70.3,73.6,62.0,66.0,2.9,5.7,Low,4.8,36.0,0
S0580,19,Female,ME,3,0.5,62.0,59.1,59.9,53.9,65.8,70.1,3.5,9.7,Low,3.4,46.8,1
S1135,21,Male,AIML,2,0.5,60.3,54.0,86.1,77.7,46.5,62.5,1.3,8.1,Low,5.4,44.5,1
S1814,18,Female,IT,2,5.4,79.4,62.0,68.7,60.3,55.2,68.6,4.0,6.5,Low,4.4,44.4,1
S1935,21,Male,IT,1,7.9,100.0,85.3,62.5,72.8,73.5,79.0,3.5,7.4,High,5.5,44.1,1
S0434,18,Male,AIML,2,5.6,36.1,63.9,72.2,63.2,65.4,70.7,0.9,7.5,Medium,2.8,44.4,1
S0101,18,Female,ME,2,3.4,83.2,63.9,70.1,48.5,77.6,72.2,2.9,8.9,High,2.3,40.1,1
S1655,18,Male,CSE,3,1.1,89.5,66.0,78.8,53.3,67.0,73.6,1.6,9.0,High,5.9,43.9,1
S0395,20,Female,AIML,4,10.8,72.1,97.1,77.8,71.8,51.9,66.4,3.8,7.7,Medium,3.4,61.3,1
S1939,20,Male,CSE,2,4.1,60.4,80.9,70.4,51.6,56.9,59.1,5.1,8.3,Medium,1.3,53.3,1
S0221,21,Female,IT,4,1.5,43.0,53.8,64.9,50.3,65.0,77.4,2.3,7.3,High,5.2,35.9,0
S1676,20,Male,CSE,3,7.4,62.3,64.3,63.4,62.7,65.8,85.2,3.2,4.8,Medium,1.4,61.8,1
S1498,20,Female,Civil,4,0.5,30.6,28.5,37.3,43.5,38.3,49.6,1.9,6.0,Low,4.0,41.6,1
S1785,21,Female,CSE,4,3.5,58.5,28.5,48.6,32.6,28.0,47.5,0.3,8.3,Low,3.1,33.1,0
S0345,20,Female,ECE,2,9.1,100.0,50.4,85.5,69.1,71.0,58.2,4.2,5.8,Medium,4.0,70.3,1
S1028,22,Female,CSE,4,4.8,60.4,62.3,78.1,54.5,45.2,73.3,2.7,5.8,Low,3.3,47.2,1
S0889,18,Female,CSE,1,3.0,71.8,56.6,72.3,72.8,61.3,80.8,1.2,5.6,Medium,4.6,34.2,0
S1351,22,Male,EEE,2,8.0,74.7,63.9,76.9,67.6,62.1,72.5,2.9,7.1,Medium,3.9,52.5,1
S0553,21,Female,CSE,3,1.9,61.7,61.9,70.4,59.1,58.6,75.4,2.9,6.9,Medium,6.0,36.6,0
S0744,20,Male,AIML,4,7.3,72.1,42.4,50.1,55.9,61.2,68.0,1.6,6.7,Low,3.7,52.1,1
S1542,18,Female,ME,1,3.9,60.4,46.6,74.0,42.5,54.4,46.6,7.4,8.7,Low,3.9,41.1,1
S0539,20,Female,CSE,2,1.2,47.7,48.4,65.8,54.0,55.9,45.2,1.5,7.1,Low,3.5,38.6,0
S0907,22,Female,AIML,1,2.1,63.1,48.7,42.0,46.6,54.5,52.1,4.2,6.5,Medium,6.3,33.8,0
S1395,20,Female,EEE,2,9.1,76.2,77.5,69.2,68.9,92.3,66.9,3.4,6.0,Medium,6.0,58.1,1
S0116,23,Male,IT,3,8.8,92.5,83.0,81.8,86.0,85.8,86.1,5.5,5.5,Medium,3.3,62.6,1
S0830,20,Male,ECE,2,7.4,74.9,78.7,80.8,46.3,57.6,67.2,0.6,7.1,Medium,2.0,52.2,1
S1938,22,Male,CSE,3,2.6,55.3,58.0,50.8,58.2,37.4,75.3,1.3,7.2,Medium,5.5,36.9,0
S0809,20,Male,CSE,2,5.6,49.2,66.9,49.5,52.4,51.6,64.8,3.4,8.2,Low,2.0,42.7,1
S1311,18,Female,IT,4,0.5,68.5,48.0,63.1,55.9,47.9,52.8,2.9,7.5,Low,2.8,50.5,1
S1005,22,Female,Civil,2,6.0,81.0,83.8,72.8,77.4,90.5,77.8,3.6,6.8,High,5.8,62.7,1
S0306,24,Male,CSE,2,7.2,72.8,81.2,73.8,56.3,60.4,57.8,1.4,6.9,Medium,3.6,49.2,1
S1101,18,Male,ECE,1,4.4,72.1,47.3,77.7,55.7,61.2,70.8,0.5,6.7,Medium,3.1,36.6,0
S0480,21,Female,ECE,1,1.4,50.9,71.7,67.5,60.4,55.8,68.7,1.7,6.9,High,1.1,36.5,0
S1424,19,Male,IT,2,3.2,45.8,41.7,65.0,35.1,31.6,56.8,0.3,6.9,Low,3.9,33.1,0
S1076,20,Female,ECE,1,5.0,92.0,81.9,60.5,70.6,65.4,86.2,4.5,7.4,High,2.9,50.3,1
S0571,20,Male,ECE,3,2.1,64.8,29.5,65.8,47.3,50.8,58.9,0.8,5.3,Low,3.1,35.3,0
S0619,22,Female,IT,2,2.6,96.2,81.5,79.7,66.9,72.3,60.0,2.4,6.4,High,2.2,54.2,1
S1898,19,Female,IT,2,4.5,73.2,66.8,53.0,60.3,51.9,61.8,2.6,4.2,Medium,4.1,42.4,1
S1266,18,Male,ECE,1,0.5,54.1,51.7,46.9,49.7,29.4,53.8,2.7,7.6,Low,3.4,30.9,0
S0079,20,Female,EEE,3,9.5,100.0,90.7,81.8,87.2,74.5,90.2,4.6,7.8,High,2.2,66.0,1
S1912,23,Male,AIML,2,2.1,76.3,49.3,58.6,49.9,34.9,42.4,3.5,5.7,Low,3.2,38.0,0
S0033,18,Male,CSE,4,0.5,73.2,70.8,71.3,60.3,65.5,69.0,1.0,6.4,Medium,2.8,41.6,1
S1538,21,Male,Civil,2,5.1,69.0,47.3,60.0,38.8,67.9,55.3,1.1,6.3,High,4.4,32.9,0
S1034,19,Male,ME,3,8.7,62.9,65.2,70.4,58.4,50.5,64.3,1.2,7.1,Medium,4.5,43.3,1
S1563,22,Male,IT,1,5.4,64.2,58.1,49.0,70.3,58.2,60.6,1.5,7.2,High,3.9,40.1,1
S0352,22,Female,ME,2,6.6,54.4,66.2,55.6,74.0,67.7,67.2,0.9,7.3,High,1.9,33.6,0
S0164,21,Female,IT,2,6.0,72.5,70.1,68.1,70.4,60.8,78.5,2.1,6.8,Medium,3.3,56.6,1
S0204,23,Male,AIML,3,7.1,78.8,56.9,74.5,48.6,58.2,77.0,1.6,8.5,Medium,4.5,46.6,1
S1054,22,Male,CSE,2,6.5,100.0,78.6,61.5,75.7,78.0,100.0,2.8,4.9,High,0.8,68.6,1
S1365,22,Female,ECE,2,6.7,70.6,48.6,64.9,66.8,54.3,61.0,1.9,6.8,Low,5.6,51.3,1
S1967,19,Male,Civil,2,3.9,51.5,51.9,34.7,49.4,29.5,65.3,1.0,8.1,Low,3.7,30.6,0
S0496,20,Male,ME,1,7.0,84.6,91.5,80.1,78.1,85.6,71.8,4.2,7.2,High,3.7,51.6,1
S1625,19,Male,CSE,2,0.5,92.8,43.7,54.5,48.1,54.4,51.2,0.3,6.9,Low,4.8,40.1,1
S1966,21,Female,Civil,1,4.4,67.4,48.0,61.0,44.2,38.6,58.5,2.4,5.4,Low,1.5,34.7,0
S1963,22,Male,IT,1,0.5,30.0,41.1,35.2,30.1,22.2,50.7,0.3,7.0,Low,6.9,31.2,0
S0611,18,Female,IT,4,7.5,45.1,52.1,44.6,54.2,48.7,68.9,5.4,6.8,Low,4.8,47.0,1
S0433,21,Female,ECE,4,5.3,66.6,56.9,77.3,61.4,80.3,72.4,3.1,7.6,Medium,3.0,48.6,1
S1492,20,Female,EEE,2,4.2,66.8,48.5,65.8,59.6,42.9,55.6,2.5,5.9,Medium,4.1,43.3,1
S0219,21,Female,ME,2,4.0,62.5,56.4,62.6,56.0,48.5,56.4,2.5,5.5,Low,5.1,44.3,1
S1931,21,Female,CSE,4,0.5,36.3,28.4,30.4,35.0,31.7,49.3,1.1,6.9,Low,6.0,26.3,0
S1466,18,Female,ECE,2,0.5,37.8,41.2,45.9,65.2,33.9,39.5,0.3,7.3,Low,3.7,24.8,0
S0631,21,Female,CSE,2,7.8,59.8,66.4,57.9,60.2,33.0,79.3,2.5,8.4,Medium,3.3,35.4,0
S1382,20,Male,ECE,1,10.7,91.5,76.1,70.2,94.5,66.4,78.0,7.1,9.4,High,3.2,63.6,1
S1302,23,Female,CSE,2,6.1,63.1,48.5,55.4,49.7,45.6,61.4,3.1,8.4,Medium,3.3,48.1,1
S0060,20,Female,AIML,4,9.9,76.0,79.9,74.0,73.3,65.1,72.9,3.9,6.2,High,3.4,64.1,1
S0299,21,Male,IT,3,4.8,72.0,42.8,65.8,49.4,29.0,58.5,2.4,6.8,Low,4.4,35.3,0
S1711,19,Male,CSE,1,1.4,62.2,49.7,80.3,57.5,49.9,69.1,0.6,8.4,Medium,2.0,25.4,0
S0074,22,Female,ME,2,7.6,92.7,75.4,77.1,58.0,75.4,84.8,4.6,7.2,High,3.2,63.1,1
S0163,21,Male,ECE,1,2.5,54.0,56.2,43.8,63.7,27.0,74.1,3.1,7.3,Medium,3.9,40.1,1
S1275,20,Female,ECE,2,3.8,39.2,25.0,35.5,51.0,17.2,42.3,0.3,6.9,Low,6.4,18.0,0
S1594,18,Female,AIML,4,4.9,62.2,48.9,59.1,47.9,44.6,61.2,0.9,6.9,Medium,5.4,44.4,1
S1434,21,Male,CSE,1,2.8,50.5,40.0,51.9,32.9,29.3,47.5,2.2,8.6,Low,5.8,26.4,0
S1613,21,Male,Civil,4,4.2,53.6,64.5,55.6,65.2,49.1,58.3,2.1,6.3,Low,5.1,47.9,1
S0592,21,Female,CSE,2,4.0,84.2,59.2,62.5,88.4,59.0,69.3,0.8,7.2,High,4.5,44.3,1
S0317,20,Male,EEE,3,2.3,71.4,50.5,50.0,34.0,21.0,45.1,2.2,6.6,Low,6.2,42.1,1
S0046,21,Female,IT,3,7.7,100.0,82.4,84.6,93.8,67.6,78.4,1.5,6.8,High,3.3,74.7,1
S1720,19,Male,CSE,4,1.2,72.1,61.1,79.3,59.6,64.4,56.2,4.7,8.2,High,5.0,46.7,1
S1832,21,Female,ECE,2,6.6,98.8,84.4,98.2,79.7,70.2,87.1,1.9,6.2,High,5.4,60.2,1
S0428,23,Female,CSE,3,10.1,79.0,84.1,77.3,68.8,96.6,72.6,5.0,7.7,High,1.5,62.0,1
S0582,25,Female,IT,4,4.8,72.9,57.1,63.3,49.9,54.5,65.0,2.5,5.6,Low,3.9,40.4,1
S0077,22,Male,IT,2,8.1,80.6,82.1,64.8,76.6,88.6,73.8,3.7,4.9,Medium,3.5,56.2,1
S1917,23,Female,AIML,3,6.2,70.0,70.8,61.7,61.0,57.7,65.9,1.0,7.3,Medium,3.6,50.3,1
S1415,21,Female,CSE,2,5.5,68.3,56.0,68.5,53.4,49.3,71.4,2.4,9.7,Low,6.3,50.2,1
S0781,21,Male,CSE,2,1.7,69.7,51.6,51.8,59.4,67.3,46.3,1.4,5.8,Medium,3.2,44.4,1
S1920,20,Female,ECE,2,9.4,81.4,73.8,86.1,72.5,74.9,68.0,3.3,5.8,Medium,4.9,55.3,1
S1174,19,Male,CSE,3,10.0,100.0,85.8,100.0,82.7,93.2,90.6,4.1,7.0,Medium,0.5,70.5,1
S1320,18,Female,ECE,4,4.4,83.2,51.9,62.3,76.3,67.3,66.1,0.8,6.4,High,2.6,44.7,1
S0938,23,Female,ECE,3,3.0,61.7,39.1,71.0,56.2,47.7,72.8,4.4,9.0,Low,4.7,33.5,0
S0031,21,Male,ME,3,5.0,91.3,58.6,45.2,51.4,46.0,51.3,0.3,7.2,Medium,1.9,36.7,0
S1092,21,Female,CSE,4,1.4,36.8,58.2,55.6,76.4,50.4,63.7,1.4,5.3,High,3.9,35.7,0
S1616,21,Male,Civil,2,0.5,77.4,52.2,62.3,51.8,51.8,74.6,1.7,7.0,Medium,5.0,41.3,1
S1230,20,Male,ME,2,8.5,84.6,82.1,81.1,55.8,62.9,68.5,4.4,8.0,Medium,3.5,54.8,1
S0975,18,Male,CSE,3,1.5,83.9,45.5,59.6,66.2,55.3,54.0,0.3,6.0,Low,1.9,28.8,0
S1085,23,Female,CSE,3,3.6,79.3,51.7,64.8,66.3,61.2,57.5,0.3,7.5,Low,1.8,42.9,1
S0515,18,Female,ECE,2,0.5,49.7,35.0,36.7,56.5,51.1,49.8,0.3,7.4,Low,5.6,33.2,0
S1551,24,Female,IT,4,9.4,92.3,73.9,68.2,37.9,64.6,75.8,1.3,6.2,Medium,3.4,44.0,1
S1568,18,Female,EEE,1,8.2,72.1,69.6,76.7,66.6,70.9,75.0,3.8,7.6,High,3.0,58.6,1
S1811,21,Female,CSE,1,0.5,45.0,34.1,48.3,40.6,41.9,52.3,1.7,8.2,Low,3.7,31.8,0
S1574,22,Female,ME,3,3.3,47.9,58.2,53.8,74.3,76.2,82.6,0.3,6.7,Medium,4.4,49.8,1
S0045,19,Female,IT,3,4.3,78.4,54.0,60.8,47.5,42.6,67.6,0.9,5.9,Low,0.7,52.1,1
S1687,23,Female,ECE,3,3.2,100.0,58.4,63.1,85.9,84.6,77.6,3.0,5.7,Low,5.2,54.1,1
S0169,18,Female,IT,1,8.6,79.3,62.8,83.4,55.4,74.7,46.3,3.5,6.4,Medium,2.4,52.2,1
S0304,21,Male,ECE,4,1.6,30.0,51.1,41.6,43.2,36.8,50.2,2.9,6.9,Low,4.5,43.4,1
S0991,22,Male,AIML,4,4.7,79.8,40.8,62.8,56.1,55.8,65.7,1.0,6.9,Medium,6.1,41.7,1
S0556,20,Female,ECE,3,4.7,51.4,60.4,67.7,66.4,46.1,65.5,1.8,7.1,Low,2.9,43.2,1
S1925,22,Female,CSE,4,8.3,49.2,51.4,53.7,53.0,59.4,54.0,4.1,8.0,Medium,4.3,42.1,1
S0608,20,Male,CSE,3,2.8,52.3,57.6,83.6,62.7,54.9,66.6,0.3,4.7,Medium,4.2,32.0,0
S1619,21,Female,ECE,4,10.2,97.0,70.8,64.0,61.0,81.5,92.0,4.0,6.9,High,2.8,63.2,1
S0758,21,Female,EEE,3,7.5,90.8,82.3,66.3,66.3,57.5,68.1,2.0,6.7,Medium,5.0,52.2,1
S0439,21,Female,AIML,1,0.5,64.1,34.0,47.9,33.5,21.9,47.4,0.9,7.1,Low,1.5,33.3,0
S0583,20,Male,EEE,3,5.6,85.4,81.0,69.8,48.5,38.7,67.5,3.3,6.4,Medium,3.4,65.1,1
S1519,19,Male,CSE,4,7.0,72.1,73.4,70.6,62.3,74.6,79.1,2.8,6.3,Low,0.9,46.2,1
S0528,19,Female,AIML,4,1.0,59.0,46.1,61.8,61.8,46.4,79.1,0.7,7.0,Low,3.0,38.2,0
S0343,19,Male,Civil,3,3.2,50.0,52.6,69.6,49.4,61.1,66.3,1.2,5.2,Low,5.0,50.8,1
S1737,20,Female,ME,4,6.7,93.5,67.5,73.8,74.0,65.9,67.2,1.3,10.0,Medium,3.6,65.8,1
S0368,23,Female,ECE,1,2.4,72.6,79.3,72.6,66.8,57.2,63.9,2.0,5.6,High,2.0,49.4,1
S0186,21,Female,ME,4,4.8,67.6,35.8,48.2,56.9,36.0,56.8,2.5,7.4,Low,5.0,43.0,1
S1117,18,Female,ECE,4,5.2,67.8,63.7,47.7,67.4,77.5,64.6,1.9,8.4,Medium,4.2,49.9,1
S1755,24,Male,AIML,1,8.8,55.1,62.0,63.3,72.0,56.7,68.2,2.4,5.3,High,3.6,52.2,1
S1426,24,Female,ECE,2,1.9,70.2,29.6,53.7,50.7,48.7,52.7,0.3,7.1,Low,3.5,35.0,0
S0301,18,Female,CSE,4,6.1,71.8,98.0,71.9,69.8,77.8,59.5,3.8,7.2,Medium,7.3,51.3,1
S1904,18,Male,IT,4,3.0,76.5,68.0,47.6,67.7,51.0,66.9,1.0,8.4,High,5.0,51.4,1
S0833,19,Male,ME,2,3.5,69.7,44.2,61.5,50.9,56.0,62.0,2.3,8.5,Low,1.9,39.5,0
S0544,21,Female,IT,1,5.9,74.6,62.0,74.3,71.3,74.8,70.3,1.6,6.6,Medium,1.4,42.3,1
S1601,19,Male,IT,3,5.6,47.2,58.0,60.9,51.6,82.5,79.5,4.1,6.1,High,5.6,42.3,1
S0351,20,Female,EEE,1,6.8,58.0,58.3,58.8,49.7,50.1,57.1,0.3,6.1,Low,0.5,40.7,1
S1933,21,Female,CSE,3,8.7,82.6,63.3,76.2,71.2,74.3,72.3,2.1,8.3,Medium,3.4,55.8,1
S1511,22,Male,CSE,4,5.9,70.2,68.5,64.0,72.6,64.9,74.3,1.8,7.7,High,3.2,49.1,1
S0979,20,Female,CSE,4,1.9,90.5,63.2,59.0,67.9,55.9,40.0,1.7,6.7,Low,2.7,35.7,0
S0176,19,Female,AIML,2,1.6,76.1,37.2,54.3,59.0,56.1,44.4,0.3,5.4,Medium,4.1,36.2,0
S0483,20,Female,ECE,3,5.5,100.0,61.1,68.3,69.0,79.4,88.8,3.8,6.9,High,3.8,60.0,1
S1413,19,Male,EEE,1,7.1,95.2,84.0,78.5,86.0,71.6,62.5,5.0,6.5,Medium,4.3,61.6,1
S1611,23,Female,CSE,2,8.4,67.7,53.8,61.3,74.1,70.7,62.3,0.8,8.1,Medium,4.0,45.6,1
S0124,18,Male,Civil,4,4.5,84.7,69.3,81.9,70.5,91.9,69.6,5.4,6.8,High,1.4,48.2,1
S0600,18,Male,IT,3,4.7,65.7,65.6,64.6,67.9,57.7,75.4,2.7,4.5,Low,5.7,46.0,1
S1795,18,Male,ECE,3,9.3,100.0,84.1,85.3,68.0,82.6,83.2,3.7,6.8,High,0.5,64.6,1
S1746,20,Male,ME,3,3.0,67.8,55.7,48.7,48.9,62.5,65.3,0.3,7.9,Low,2.1,37.7,0
S1379,20,Male,EEE,3,1.8,65.5,66.3,77.1,78.8,47.6,87.0,2.0,7.4,Medium,6.6,50.4,1
S1186,23,Male,AIML,4,6.0,63.2,79.8,80.5,69.4,65.0,77.2,6.4,9.6,Low,2.5,54.9,1
S0486,23,Female,EEE,2,0.5,57.4,45.6,64.0,66.5,40.9,60.6,0.4,7.0,Low,6.6,33.8,0
S0332,22,Male,CSE,3,0.6,43.0,63.4,51.1,53.8,57.9,56.9,0.7,7.4,Low,5.0,46.4,1
S0789,20,Female,ECE,4,2.5,72.7,63.1,41.4,45.8,42.0,57.5,0.7,5.8,Low,4.0,43.6,1
S0195,20,Male,ME,3,9.5,64.6,80.8,83.5,82.8,85.4,65.5,2.7,7.3,High,0.8,39.5,0
S0638,19,Female,ME,3,5.0,65.0,44.7,47.3,57.2,60.2,32.8,0.6,7.5,Low,4.1,43.3,1
S0472,24,Female,AIML,4,3.8,75.5,53.7,38.0,45.9,32.5,55.1,0.3,6.3,Low,4.3,35.1,0
S1714,20,Female,AIML,2,7.9,81.4,80.9,78.2,78.1,77.8,92.6,4.1,7.3,High,4.2,57.2,1
S0323,21,Female,ME,3,0.5,79.7,63.7,66.0,55.0,50.7,52.2,0.3,8.5,Medium,1.0,45.3,1
S1197,24,Female,EEE,1,0.5,35.6,27.5,34.8,41.6,36.4,43.7,0.4,7.8,Low,6.4,29.1,0
S0267,21,Female,ME,4,1.1,68.4,69.9,74.7,67.6,49.2,67.2,1.8,4.8,High,4.6,47.5,1
S1544,19,Male,Civil,4,7.4,88.2,79.9,91.9,74.8,88.4,82.9,5.1,5.3,High,2.1,70.2,1
S1804,19,Female,EEE,2,5.7,33.1,32.3,54.2,37.5,19.4,53.5,2.7,8.8,Low,5.4,36.5,0
S0068,22,Male,AIML,2,5.5,89.8,59.6,61.1,63.3,68.1,64.2,0.4,7.1,Medium,0.8,48.1,1
S1738,19,Female,IT,1,11.5,85.1,98.0,88.9,75.1,84.0,79.8,4.9,6.8,High,3.1,68.3,1
S1593,19,Female,CSE,3,1.3,43.7,36.6,20.0,53.4,20.0,46.3,0.3,8.2,Low,4.0,27.8,0
S1564,19,Male,IT,3,6.1,45.1,49.5,52.7,59.3,72.9,63.1,0.3,7.4,Low,3.4,48.4,1
S0481,21,Male,CSE,3,5.9,63.1,74.4,80.0,73.7,57.2,78.8,2.3,6.9,Medium,5.6,55.2,1
S1757,24,Male,ME,1,10.6,74.0,69.7,79.7,77.2,59.4,72.3,2.3,7.1,Low,2.8,59.1,1
S1913,25,Male,EEE,3,5.4,81.8,39.2,28.2,76.5,60.2,62.2,0.3,8.9,Low,5.9,40.9,1
S1441,24,Male,ECE,3,1.5,63.0,41.7,49.5,48.2,70.2,58.4,2.3,7.7,Low,3.5,36.8,0
S1461,20,Male,EEE,2,1.4,37.1,51.4,60.6,66.7,33.2,52.6,2.8,9.4,Medium,5.1,43.7,1
S0888,19,Male,ME,2,0.5,30.0,51.2,50.1,59.5,30.4,74.7,0.3,7.5,Medium,4.5,39.9,0
S0423,18,Female,ME,1,5.3,72.1,55.3,66.2,63.9,47.0,58.4,1.3,6.9,Medium,5.4,42.4,1
S1675,22,Female,AIML,2,4.6,62.8,65.2,73.3,46.4,44.9,58.8,2.1,8.5,Medium,6.7,41.5,1
S1450,21,Male,CSE,1,5.4,95.0,68.4,68.1,65.5,60.8,60.3,2.9,6.7,Medium,0.9,57.0,1
S0765,18,Male,ECE,4,9.9,63.5,49.9,62.5,51.4,75.0,66.1,2.7,8.4,High,1.6,49.2,1
S0520,19,Female,CSE,1,7.4,93.2,98.0,78.9,79.2,84.6,88.3,5.9,5.8,High,3.6,59.7,1
S1432,20,Female,CSE,2,1.5,69.5,51.8,78.5,58.7,66.1,68.5,2.3,6.7,Medium,2.6,49.6,1
S0614,18,Female,CSE,1,2.6,56.3,50.2,46.1,46.1,34.5,65.7,0.3,6.4,Low,5.5,32.9,0
S1531,20,Male,ECE,1,6.4,85.3,67.2,72.8,87.0,52.3,73.1,2.7,7.0,Medium,1.4,52.5,1
S1783,20,Male,ME,4,0.5,44.0,49.4,52.6,64.1,39.6,59.3,0.3,5.9,Medium,3.6,26.9,0
S1659,20,Female,AIML,2,1.6,64.7,45.2,70.1,56.0,51.3,64.0,0.3,6.6,Medium,5.5,33.0,0
S0454,23,Male,EEE,2,0.5,43.3,43.4,27.8,25.0,37.1,33.5,0.3,8.7,Low,5.4,21.3,0
S0731,19,Female,CSE,2,6.4,56.3,73.9,65.8,63.8,76.9,64.4,3.6,7.6,High,4.4,49.5,1
S0535,22,Female,ECE,1,4.5,72.1,70.2,82.1,57.3,72.2,83.5,3.7,6.8,High,1.6,49.7,1
S0966,20,Female,CSE,1,6.9,83.5,46.7,68.8,54.7,69.9,75.3,4.2,6.9,High,2.6,43.8,1
S1285,20,Male,ECE,1,0.8,51.7,53.2,45.8,42.0,51.8,59.5,0.7,9.0,Low,4.2,29.7,0
S1740,20,Female,ECE,1,2.9,68.5,58.7,42.1,61.3,67.2,73.7,3.4,6.8,Medium,3.7,38.3,0
S0262,25,Female,Civil,4,8.1,87.7,84.0,77.9,83.5,79.7,80.1,3.7,7.3,Medium,3.0,61.6,1
S0536,23,Female,ECE,1,0.5,41.8,27.8,38.3,58.2,28.1,65.0,0.3,5.8,Low,3.2,32.9,0
S0969,21,Female,AIML,3,0.5,75.7,54.1,33.9,33.1,48.3,47.6,0.3,7.1,Low,3.1,28.7,0
S0241,23,Female,ME,4,0.5,51.9,34.1,47.1,39.4,42.8,38.7,0.3,6.6,Low,3.7,24.8,0
S0820,20,Male,CSE,3,0.5,62.6,39.3,50.5,51.0,37.2,53.1,1.5,7.2,Medium,4.9,39.5,0
S0693,20,Male,IT,3,6.4,47.4,54.6,52.8,54.1,45.2,75.9,1.2,7.7,Low,1.8,36.6,0
S0421,22,Male,CSE,4,3.2,76.3,69.8,66.5,62.1,72.8,79.1,3.3,8.3,Medium,3.5,42.4,1
S1086,20,Female,ECE,1,9.7,85.6,82.8,79.6,67.7,79.5,61.3,3.7,6.8,Low,2.0,69.3,1
S1999,18,Male,ECE,4,8.6,92.4,98.0,87.1,83.1,62.8,75.1,3.8,7.2,High,3.0,64.5,1
S0366,20,Male,ME,3,3.5,81.3,54.0,63.1,67.9,69.5,70.6,4.8,5.3,Medium,3.7,48.4,1
S1023,23,Female,AIML,4,7.4,83.7,56.2,85.1,87.2,59.5,62.3,2.3,6.9,High,2.9,57.9,1
S1241,22,Male,AIML,4,5.1,85.1,80.4,92.2,80.4,60.1,70.2,3.4,6.4,Medium,3.0,50.8,1
S0589,19,Male,ME,1,9.7,85.2,73.4,81.5,74.7,63.7,87.6,2.7,5.8,High,3.3,72.2,1
S0737,20,Female,ECE,4,1.1,46.7,40.3,27.2,39.4,27.2,37.1,0.3,8.5,Low,3.7,30.9,0
S1762,22,Female,AIML,1,5.3,86.8,92.0,86.0,80.0,82.7,88.6,1.0,7.4,High,4.3,57.6,1
S0942,21,Female,IT,4,0.5,67.2,44.7,73.4,62.2,49.0,64.6,2.3,8.2,Low,2.3,43.6,1
S0072,19,Male,ME,2,5.5,79.9,57.6,92.1,62.2,77.8,85.2,6.3,6.6,High,2.2,51.3,1
S1408,22,Female,ECE,4,4.3,60.2,41.9,61.1,56.4,42.7,61.4,0.3,6.4,Low,4.5,45.5,1
S0260,18,Male,IT,1,7.4,96.1,86.9,77.6,68.5,70.4,81.0,1.9,6.1,High,1.4,49.9,1
S0052,22,Male,ME,4,6.1,72.1,79.5,65.8,81.5,86.8,79.9,3.9,6.9,Medium,4.6,47.9,1
S0199,23,Female,ECE,1,9.0,100.0,98.0,72.1,77.0,64.8,82.6,5.2,6.7,Low,2.5,62.6,1
S1789,18,Male,AIML,1,2.2,67.0,45.4,62.2,52.9,44.9,37.5,1.2,7.9,Medium,4.9,33.1,0
S0651,18,Male,CSE,1,6.6,65.4,35.5,47.6,41.8,34.8,60.0,1.4,8.5,Low,4.7,37.5,0
S0333,18,Female,IT,3,3.0,66.9,43.1,63.4,44.8,68.4,66.9,2.1,6.5,Medium,5.3,41.7,1
S1360,21,Female,ECE,4,6.6,66.0,67.4,53.7,72.1,63.0,67.3,1.6,7.8,Medium,4.3,51.2,1
S0594,20,Male,IT,4,6.0,69.0,74.4,67.1,56.0,26.7,72.7,2.4,7.6,Low,3.1,45.7,1
S1392,18,Female,ECE,1,3.0,64.0,58.9,58.2,63.1,35.8,65.0,2.8,7.0,Medium,3.7,37.6,0
S1801,24,Male,IT,1,6.2,64.3,37.8,65.8,72.8,60.5,52.3,3.3,8.2,Low,1.1,38.6,0
S1315,20,Male,ECE,1,6.1,69.4,74.3,69.7,68.4,68.1,77.3,2.0,6.7,Medium,4.2,55.2,1
S1112,19,Male,Civil,4,8.2,80.0,64.6,60.9,71.1,55.1,60.6,3.0,7.3,Medium,5.9,58.4,1
S1007,21,Female,EEE,3,6.0,53.0,51.3,67.2,65.3,47.6,49.8,0.3,7.0,Low,4.6,47.3,1
S1327,19,Female,CSE,1,2.1,85.3,34.3,53.4,38.4,29.7,45.3,0.3,7.1,Low,5.5,38.0,0
S0427,20,Male,CSE,4,2.4,30.0,53.1,54.5,59.7,69.3,61.4,1.5,7.4,Low,4.8,27.6,0
S1559,22,Male,IT,2,12.9,100.0,95.2,84.4,96.6,94.5,77.6,7.2,8.1,High,6.6,77.1,1
S1294,21,Female,CSE,2,2.0,75.3,50.3,43.0,47.8,67.8,69.4,3.8,7.5,Low,4.5,38.4,0
S0591,19,Female,ECE,2,0.5,56.7,38.4,54.3,41.8,60.9,51.7,1.5,6.5,Low,4.1,38.4,0
S1958,20,Male,IT,4,5.8,84.5,66.2,78.0,72.2,52.4,80.5,2.6,4.8,High,3.9,43.9,1
S1977,19,Male,CSE,4,4.6,65.2,53.0,43.7,44.7,30.8,46.8,3.2,6.4,Low,3.0,36.5,0
S1133,18,Female,CSE,3,0.6,44.8,71.0,51.4,58.5,35.8,59.1,0.3,6.8,Medium,1.3,31.1,0
S0986,20,Female,CSE,2,8.0,66.8,80.1,71.4,83.5,71.3,79.5,5.8,7.7,Medium,4.8,60.4,1
S0399,22,Female,CSE,2,7.2,79.0,92.8,95.3,62.7,89.2,86.7,3.3,7.3,High,1.8,65.5,1
S1512,21,Male,AIML,4,3.2,87.6,67.9,66.0,60.2,62.2,52.5,1.3,6.8,Low,3.4,47.0,1
S0437,18,Male,IT,3,17.0,100.0,98.0,100.0,100.0,100.0,97.5,4.3,5.4,High,0.5,70.6,1
S0193,23,Female,ECE,4,2.6,50.5,40.8,55.7,39.5,62.7,25.0,2.1,4.8,Medium,2.9,40.7,1
S1436,18,Male,EEE,4,8.8,100.0,65.3,75.4,77.6,72.7,69.9,3.3,8.4,High,5.5,62.7,1
S0615,23,Male,CSE,1,2.4,58.5,64.7,47.8,57.4,43.7,60.7,2.2,7.9,Low,4.9,35.9,0
S1494,18,Female,IT,3,8.8,79.2,89.7,62.8,83.9,56.6,83.9,3.5,7.1,High,2.4,61.0,1
S0577,19,Female,IT,4,6.1,51.0,64.2,75.5,66.9,40.9,55.5,1.8,6.6,Medium,4.1,60.5,1
S0987,21,Male,EEE,2,5.2,72.2,74.4,73.2,81.0,69.0,79.3,5.5,7.7,Low,2.6,58.3,1
S1433,20,Female,ME,1,7.6,63.4,76.7,70.7,76.0,70.7,78.8,4.4,7.0,Medium,5.9,62.7,1
S0707,20,Male,EEE,4,9.7,87.4,83.3,76.0,86.0,74.6,85.0,2.3,5.9,High,4.7,57.6,1
S1259,18,Male,IT,3,1.2,55.8,40.2,63.3,40.2,52.0,41.0,0.3,6.4,Low,1.0,21.7,0
S0142,19,Female,CSE,2,3.4,75.2,62.9,83.6,78.1,57.9,75.5,4.9,6.2,High,2.6,55.9,1
S1358,20,Male,AIML,4,3.3,56.1,53.3,65.0,53.1,49.7,55.5,0.4,7.3,Low,4.0,32.3,0
S0003,22,Female,EEE,4,0.5,51.7,45.2,38.0,37.9,40.8,34.4,0.3,8.0,Low,5.2,24.5,0
S1222,19,Male,ECE,1,5.0,65.5,88.4,87.5,84.4,65.9,68.8,1.5,7.9,High,3.1,58.3,1
S1870,22,Male,ECE,1,11.5,92.0,87.6,86.3,93.8,63.4,89.9,4.5,8.1,High,4.2,65.3,1
S1623,21,Male,Civil,1,9.4,61.7,59.3,50.5,69.6,71.2,65.1,3.4,7.6,Medium,3.0,50.3,1
S0340,18,Male,CSE,2,8.6,85.8,79.4,90.7,91.4,87.9,89.1,4.7,6.8,High,1.8,54.6,1
S1770,20,Male,AIML,3,5.9,90.6,61.7,70.5,77.5,63.6,89.1,1.4,6.4,High,3.2,45.2,1
S1537,19,Male,CSE,4,3.8,93.1,50.4,69.6,65.8,64.7,69.8,2.9,7.2,Medium,5.1,52.9,1
S0484,21,Male,ECE,1,6.2,78.9,59.6,56.2,72.1,50.1,57.3,2.9,7.1,Low,3.1,54.4,1
S0266,22,Female,ECE,2,3.5,78.2,65.2,71.1,51.3,58.7,90.8,2.6,6.3,Low,1.3,39.4,0
S0377,22,Male,IT,3,5.8,57.3,58.3,55.2,54.1,56.1,52.3,3.0,6.8,Low,3.3,43.2,1
S0742,20,Male,CSE,1,0.5,67.7,26.8,47.7,46.3,38.1,43.4,0.3,6.9,Medium,4.6,25.7,0
S1014,18,Male,ME,1,9.2,79.2,69.2,87.3,80.7,84.7,70.2,1.8,5.1,High,3.0,59.1,1
S0440,18,Male,CSE,2,7.6,69.1,71.6,56.6,50.5,64.3,65.2,3.4,5.3,Low,3.9,55.6,1
S0272,22,Male,AIML,4,0.5,71.7,67.8,54.4,61.4,54.8,65.9,0.3,7.1,High,6.5,32.3,0
S0185,19,Female,CSE,1,5.0,66.1,63.8,58.7,43.4,55.5,47.5,2.0,7.2,Low,1.7,49.1,1
S0940,21,Male,EEE,2,1.8,81.5,56.6,65.8,65.4,48.3,76.3,3.0,7.4,Medium,4.2,44.2,1
S0245,18,Female,IT,3,0.5,57.7,43.2,41.1,43.1,43.6,54.7,1.1,7.2,Low,2.3,41.9,1
S0932,22,Female,IT,1,10.4,78.8,71.3,67.3,81.3,70.8,85.5,2.7,7.0,High,1.5,58.6,1
S0446,23,Male,AIML,3,4.1,66.0,67.3,89.0,73.5,57.3,60.9,0.3,5.6,High,3.4,25.5,0
S0597,21,Male,EEE,1,1.6,62.7,52.9,69.5,64.0,73.4,59.5,2.1,5.9,Medium,2.3,50.7,1
S0818,20,Male,EEE,4,7.7,92.9,84.3,79.5,71.0,71.4,77.4,5.7,6.8,Medium,4.5,64.9,1
S1273,22,Female,IT,3,3.3,55.5,57.1,66.2,49.0,60.7,60.9,1.8,6.8,Low,6.6,31.2,0
S1677,18,Male,ECE,3,4.2,77.7,55.0,78.3,71.4,58.7,85.0,0.3,5.2,Medium,2.0,50.7,1
S0487,18,Male,CSE,4,0.5,36.2,54.8,49.0,63.2,33.3,55.6,0.5,7.5,Low,4.4,34.0,0
S0681,22,Male,IT,3,1.9,63.4,58.5,38.7,52.0,57.6,57.4,0.3,8.9,Low,2.9,37.6,0
S0416,20,Female,ECE,2,1.0,80.8,63.3,71.1,52.3,51.2,68.6,1.8,4.8,Medium,5.1,33.4,0
S0274,23,Female,ECE,3,4.8,91.5,81.7,81.8,76.0,76.8,97.5,3.9,6.3,High,3.7,57.8,1
S1472,22,Female,IT,1,7.3,83.4,66.9,71.6,67.0,66.8,75.2,3.6,6.3,Medium,3.6,60.4,1
S1830,19,Male,ECE,1,8.0,83.1,61.3,70.3,86.4,55.0,82.5,1.6,5.3,Medium,3.9,51.8,1
S1455,18,Female,ME,4,6.7,61.8,57.5,56.2,49.0,47.8,51.2,1.1,5.1,Low,5.1,38.0,0
S0251,19,Male,IT,2,7.1,59.9,72.9,56.3,65.7,70.2,79.1,4.8,7.9,Low,9.3,58.5,1
S0414,21,Male,ME,2,6.1,57.8,74.1,70.2,58.1,73.5,80.0,0.3,4.8,High,6.2,44.5,1
S1386,20,Female,ECE,2,8.8,42.1,56.3,63.7,66.9,73.4,80.0,3.3,7.0,High,3.0,46.4,1
S1308,22,Male,IT,2,1.3,61.7,66.9,67.5,55.9,79.9,78.5,1.0,7.4,Medium,2.3,48.5,1
S0716,23,Male,IT,2,5.4,52.0,45.3,60.4,44.1,54.1,59.2,1.0,5.4,Low,3.4,43.5,1
S0311,20,Male,IT,2,0.5,75.3,49.0,47.7,51.8,39.7,50.8,2.1,8.1,Low,6.6,31.4,0
S0927,19,Female,ECE,2,3.7,70.5,49.2,66.3,72.2,50.6,60.1,2.1,6.2,Low,2.2,40.9,1
S0382,21,Female,CSE,3,0.7,81.5,69.8,52.1,67.0,73.9,68.2,3.8,5.9,Low,1.9,49.4,1
S1566,20,Female,CSE,4,7.5,52.8,74.6,73.8,54.7,68.5,67.2,3.4,7.5,Medium,2.1,58.2,1
S0426,21,Female,IT,1,3.5,50.1,68.3,59.6,47.6,69.1,63.9,2.5,6.6,Medium,5.7,38.7,0
S1875,22,Male,IT,3,12.4,65.4,83.1,100.0,80.5,66.6,98.9,2.4,8.5,High,3.4,68.6,1
S0533,25,Male,CSE,4,7.0,98.0,74.4,76.6,67.9,68.9,68.9,1.0,7.5,Low,2.7,50.5,1
S0753,21,Male,ME,2,2.9,84.5,49.2,73.6,69.1,33.6,64.4,2.2,7.1,Low,5.3,56.4,1
S0766,21,Female,AIML,4,5.6,72.1,65.5,65.6,69.3,54.2,63.4,3.0,6.5,Low,2.9,50.3,1
S1357,23,Female,CSE,4,7.0,87.9,84.6,69.7,50.9,70.3,82.5,3.3,6.3,High,0.7,60.2,1
S0409,23,Female,IT,2,6.7,100.0,75.9,68.7,80.4,48.8,61.7,2.0,4.8,High,5.6,62.8,1
S1615,20,Male,IT,1,0.5,78.8,71.3,81.5,72.6,55.4,60.3,0.3,7.0,Medium,4.0,57.2,1
S0695,18,Female,ECE,3,6.5,85.5,83.5,85.2,74.9,85.9,78.9,4.8,6.4,High,2.9,56.1,1
S1739,20,Female,CSE,3,2.2,73.8,61.5,70.4,58.6,56.2,74.3,2.3,7.2,Medium,4.7,52.3,1
S0549,21,Male,ME,1,5.1,47.3,65.3,69.0,62.1,32.9,65.5,0.3,6.6,Low,3.8,37.3,0
S0937,18,Female,Civil,2,4.3,62.9,43.3,49.6,79.3,61.3,67.1,0.5,7.0,Low,5.6,46.3,1
S1390,20,Female,Civil,2,1.6,87.7,52.5,58.3,58.7,63.8,71.7,0.3,9.1,Low,3.3,46.3,1
S1608,22,Male,Civil,3,10.0,80.7,85.9,83.7,63.7,83.7,72.5,3.1,5.5,High,2.4,49.0,1
S1940,18,Male,IT,2,4.3,73.2,57.0,59.3,60.6,62.4,72.6,2.2,6.0,High,3.5,46.8,1
S1482,19,Female,IT,1,10.9,97.5,98.0,100.0,85.8,90.2,100.0,4.4,6.9,High,3.6,67.2,1
S0183,23,Male,ME,1,3.8,87.8,90.0,67.3,79.6,82.4,76.0,3.5,7.6,High,1.3,62.6,1
S1941,18,Female,IT,2,0.5,78.4,56.4,63.2,57.7,42.0,79.9,1.9,5.5,High,3.1,31.1,0
S1161,22,Male,ME,3,3.7,50.3,46.8,44.6,55.0,36.1,66.5,1.6,6.8,Low,1.0,34.1,0
S0171,21,Female,CSE,1,5.9,67.1,58.8,73.5,47.4,52.3,68.0,0.6,7.3,Low,6.4,49.0,1
S0293,22,Male,ECE,4,4.1,54.3,38.2,40.2,44.1,38.0,63.6,0.3,6.9,Low,3.1,42.8,1
S0562,19,Female,IT,2,1.8,70.8,51.4,59.2,72.8,56.6,74.8,2.3,7.0,Low,1.5,50.4,1
S1457,21,Male,IT,3,3.2,60.5,43.6,34.7,60.2,61.5,53.3,0.3,5.8,Low,3.3,37.4,0
S1877,21,Male,Civil,3,2.6,61.3,86.4,65.8,74.8,69.9,60.9,3.9,7.7,High,2.4,43.2,1
S1652,20,Male,ME,1,6.0,30.0,36.3,54.2,43.5,43.9,34.4,2.1,5.7,Low,1.3,32.0,0
S0850,21,Male,CSE,1,7.2,75.6,74.7,90.8,64.0,84.3,68.3,3.1,5.8,High,5.9,48.8,1
S0273,22,Male,CSE,1,7.1,59.4,63.8,53.8,73.4,51.5,58.1,1.9,7.5,Low,6.6,49.5,1
S1550,21,Female,CSE,3,3.5,70.3,57.6,54.2,65.7,69.0,63.4,0.3,5.6,Low,3.7,42.5,1
S1035,18,Male,CSE,2,4.2,74.5,75.0,78.1,51.5,58.4,59.6,0.3,7.2,Medium,5.2,52.5,1
S1744,18,Male,AIML,2,4.7,84.7,74.3,57.8,81.2,86.6,74.1,4.1,6.6,Medium,3.6,54.2,1
S0372,18,Female,IT,2,4.7,61.5,75.4,65.1,62.2,76.9,59.6,1.4,6.3,High,3.2,49.5,1
S1670,22,Male,EEE,2,8.2,60.9,77.7,64.6,67.6,59.0,68.1,1.7,5.5,High,4.1,47.7,1
S0722,19,Female,CSE,1,10.7,84.4,71.4,73.2,68.9,69.8,70.6,0.9,6.5,High,1.8,49.4,1
S0734,21,Female,AIML,2,9.9,73.9,82.5,81.3,79.1,86.7,95.7,5.3,5.0,High,1.5,74.5,1
S0778,22,Male,IT,2,5.8,90.4,45.8,70.0,50.7,49.1,66.5,1.7,8.0,High,4.4,46.4,1
S0519,25,Female,CSE,4,13.2,72.1,92.3,77.6,79.3,81.7,100.0,2.8,3.6,High,0.7,66.4,1
S0335,18,Male,IT,1,8.3,66.3,79.4,89.4,72.2,79.0,66.9,3.5,6.9,High,5.4,60.8,1
S0846,20,Male,IT,1,0.7,44.6,25.0,29.3,37.3,15.0,50.8,0.3,6.3,Low,5.4,18.0,0
S1252,20,Male,AIML,4,3.9,72.9,46.0,68.1,45.8,39.3,57.0,0.6,7.7,Medium,5.8,29.7,0
S1053,23,Male,CSE,4,9.8,97.3,60.6,99.5,85.8,82.8,95.2,4.8,6.5,Medium,5.8,68.6,1
S1924,20,Male,ME,1,7.9,83.6,65.1,49.9,60.6,57.6,68.2,3.1,7.3,Medium,3.5,51.1,1
S0016,19,Male,CSE,3,4.6,44.0,63.7,58.2,79.0,66.9,68.9,2.4,6.3,Low,4.7,56.9,1
S0708,22,Male,CSE,3,7.4,88.3,92.1,93.1,81.5,100.0,80.7,3.4,5.7,High,2.8,67.9,1
S0901,19,Male,CSE,1,5.2,73.1,69.2,66.0,69.5,58.5,79.6,1.7,6.6,Medium,2.4,49.6,1
S1980,22,Male,ECE,3,11.7,82.4,80.3,82.2,74.4,83.2,67.8,3.3,7.5,High,5.9,54.0,1
S1573,22,Female,Civil,1,11.9,100.0,98.0,75.9,94.9,86.4,81.7,6.9,4.9,High,0.5,67.9,1
S0904,21,Male,IT,3,1.9,73.3,49.7,66.7,62.6,68.5,62.9,3.2,5.8,Low,2.7,46.8,1
S0466,20,Male,IT,1,6.0,95.9,68.4,64.0,75.8,65.7,68.7,5.1,6.8,Medium,4.2,50.3,1
S1978,20,Female,CSE,3,8.2,70.0,88.5,83.0,78.4,72.8,74.0,5.2,6.5,High,3.5,58.7,1
S0200,22,Male,ME,1,0.5,74.8,43.2,60.3,42.4,53.5,65.6,0.9,7.4,Low,3.7,45.4,1
S1207,21,Female,EEE,1,0.5,77.8,49.0,65.8,51.0,61.6,57.6,1.8,6.5,Low,5.1,35.4,0
S1056,20,Female,ME,1,2.4,77.4,66.7,56.3,57.5,64.2,74.0,1.6,6.3,Low,5.0,40.7,1
S1132,20,Female,ECE,2,3.6,60.2,45.3,53.7,50.7,33.3,44.7,1.3,6.6,High,4.3,34.7,0
S1380,21,Female,CSE,1,3.8,58.6,40.1,53.2,50.6,42.5,58.3,2.0,6.6,Low,4.2,28.2,0
S0999,24,Male,EEE,2,3.6,66.9,58.2,41.1,69.5,50.8,70.4,0.3,6.1,Medium,4.4,44.9,1
S0728,22,Male,Civil,1,6.4,79.1,61.1,74.3,70.6,78.6,72.2,3.4,6.2,Medium,2.2,52.4,1
S1772,22,Female,EEE,3,3.6,42.9,56.8,48.8,44.7,39.1,50.0,2.1,7.4,Low,4.0,40.2,1
S1910,19,Male,CSE,2,10.6,79.6,75.0,84.3,71.3,67.0,67.1,3.3,5.7,Medium,2.5,58.3,1
S1822,19,Male,ECE,2,3.2,67.8,48.3,73.4,70.9,55.7,66.2,0.9,8.7,Medium,5.9,43.2,1
S0568,20,Male,CSE,3,0.5,63.9,33.5,44.8,44.3,41.7,54.3,1.4,6.9,Low,5.5,27.0,0
S0044,23,Male,ME,1,7.1,64.2,67.0,74.1,69.1,65.7,83.8,2.1,7.4,Low,1.4,48.7,1
S0275,20,Female,ME,3,7.2,62.3,55.2,45.2,55.6,69.7,54.2,1.3,7.6,Low,4.8,29.5,0
S1097,19,Female,Civil,4,4.3,76.1,63.2,60.8,55.8,88.6,85.4,1.6,7.8,Low,2.1,53.3,1
S0102,21,Male,IT,3,7.7,78.2,68.0,87.4,69.2,61.8,57.3,3.8,7.6,High,3.0,47.2,1
S1232,19,Female,IT,2,6.8,46.3,51.9,70.5,56.5,38.0,70.5,0.3,7.1,Low,1.8,42.8,1
S1722,19,Female,IT,4,5.1,75.6,51.2,56.4,50.5,55.1,64.1,0.9,6.9,Medium,3.4,42.3,1
S1833,21,Female,EEE,1,1.5,48.7,33.6,58.6,50.0,48.6,66.1,0.3,7.7,Low,4.6,41.8,1
S0108,22,Female,CSE,1,0.6,76.7,65.0,74.9,66.9,65.5,68.2,3.9,6.9,High,1.6,41.8,1
S1618,21,Female,CSE,3,11.0,71.1,69.9,79.7,53.9,65.9,66.9,2.1,6.7,Low,2.9,53.5,1
S0498,18,Female,CSE,1,11.8,100.0,89.7,69.6,89.6,67.0,71.5,3.3,8.0,High,4.2,65.3,1
S1981,19,Female,ME,1,7.1,90.2,82.9,70.0,75.2,60.8,80.6,4.3,7.2,Low,4.7,46.6,1
S0882,21,Female,ECE,1,3.0,55.8,53.9,58.7,66.1,43.5,51.2,0.3,7.6,Low,7.2,41.5,1
S0757,21,Male,CSE,4,9.1,88.0,75.1,88.8,100.0,85.1,83.8,7.0,7.3,High,1.8,51.9,1
S0620,22,Male,Civil,3,4.3,46.7,58.3,64.9,57.9,60.2,55.5,0.3,5.0,Low,3.7,39.2,0
S1107,20,Female,IT,1,5.4,45.4,35.1,20.0,49.3,51.0,47.3,0.3,8.6,Low,4.5,35.1,0
S1936,22,Female,EEE,1,1.8,50.2,48.5,70.9,71.0,33.0,47.2,2.5,6.5,Low,3.2,35.6,0
S0810,18,Female,Civil,2,6.0,86.5,70.0,51.2,73.7,50.9,87.5,2.7,6.8,Medium,4.8,55.5,1
S1038,22,Female,AIML,2,6.5,93.2,78.9,65.8,77.3,93.9,70.3,3.5,9.1,High,5.0,61.0,1
S0073,18,Male,ME,1,2.3,71.8,59.1,56.9,70.2,55.5,57.2,3.0,4.7,Low,3.7,48.2,1
S1284,18,Female,Civil,3,4.1,76.2,38.1,75.1,63.8,66.6,66.0,2.7,6.8,Medium,5.5,50.4,1
S1272,22,Male,CSE,4,6.0,90.1,57.6,73.2,84.5,82.3,76.2,4.9,8.7,High,5.1,50.7,1
S1335,24,Female,AIML,2,0.8,58.2,48.0,58.0,51.7,33.7,59.0,3.5,6.7,Low,6.7,41.7,1
S1459,19,Female,AIML,1,12.7,88.7,67.3,76.3,87.5,79.5,69.6,4.8,6.6,Medium,3.3,64.9,1
S0482,21,Female,ECE,2,2.5,79.3,49.1,68.7,57.8,63.6,41.3,2.6,7.0,Medium,4.7,44.2,1
S1069,20,Male,AIML,1,4.7,64.6,52.2,64.4,67.5,86.6,82.1,0.9,6.4,Medium,3.8,47.9,1
S0507,23,Female,EEE,4,2.9,59.2,62.5,70.8,61.8,63.3,60.7,0.9,8.5,Low,3.5,40.2,1
S1238,20,Female,ME,4,3.1,86.1,56.2,58.5,76.2,50.0,79.9,2.4,7.5,High,0.5,59.7,1
S1862,21,Female,ECE,1,8.8,72.5,61.8,45.0,66.1,58.1,76.5,3.2,5.8,Low,5.4,57.3,1
S1990,22,Female,Civil,4,8.6,81.6,79.2,92.6,92.1,80.1,95.5,3.7,7.0,High,3.3,66.4,1
S1477,22,Female,IT,3,2.7,64.7,67.6,60.1,57.9,59.5,64.2,0.8,9.8,Medium,3.8,56.0,1
S1867,18,Male,EEE,1,1.9,62.0,43.9,72.6,56.2,51.9,66.2,3.5,7.3,High,3.7,41.6,1
S1456,23,Male,CSE,4,6.6,100.0,88.7,93.8,100.0,94.5,98.1,6.3,7.2,High,3.2,64.0,1
S0312,18,Female,AIML,2,14.0,89.5,90.1,93.9,100.0,83.4,90.1,5.0,7.4,High,3.3,68.5,1
S0963,19,Male,IT,4,7.3,74.3,52.7,78.8,57.5,51.5,54.6,2.5,7.5,High,6.3,56.8,1
S0406,23,Female,ME,4,1.5,60.8,67.1,58.5,49.2,57.2,74.0,4.0,6.4,Low,4.8,38.2,0
S1331,21,Female,CSE,1,10.0,100.0,72.9,84.5,82.9,61.6,83.7,0.3,5.6,High,1.5,52.3,1
S1650,21,Female,ECE,3,8.0,50.6,77.8,82.0,77.6,84.7,78.6,3.5,6.7,High,2.6,62.6,1
S0310,19,Male,EEE,4,11.3,98.1,80.7,74.2,62.7,76.7,80.7,3.6,3.0,High,3.5,55.0,1
S0227,24,Male,IT,1,6.7,86.9,72.3,70.0,48.9,62.7,75.4,4.0,6.7,Medium,2.3,54.5,1
S1858,20,Female,CSE,1,1.5,65.1,64.0,56.1,54.7,50.2,71.3,0.5,7.1,Medium,3.6,39.7,0
S0711,22,Female,IT,1,3.8,80.7,51.7,76.3,70.6,62.0,83.3,4.5,7.5,High,4.0,57.3,1
S1944,21,Male,Civil,1,2.4,94.1,40.8,54.4,32.9,29.3,41.7,1.7,6.7,Low,3.8,33.4,0
S1384,19,Male,CSE,3,10.6,89.4,83.7,83.1,75.6,76.8,96.3,3.7,6.5,High,3.9,64.5,1
S1786,23,Male,Civil,2,1.0,75.6,47.1,61.8,59.8,45.7,58.1,2.3,5.5,Low,1.9,34.4,0
S0149,18,Male,EEE,3,3.7,74.6,43.7,70.0,55.4,62.3,60.9,1.8,8.4,Low,3.8,40.4,1
S1555,19,Male,Civil,3,0.5,54.4,39.6,32.3,48.1,34.3,56.2,0.3,7.0,Low,3.8,31.7,0
S1957,21,Female,IT,3,6.6,51.6,54.9,71.1,73.3,41.3,70.2,3.2,6.3,Low,0.5,42.4,1
S0926,18,Female,CSE,1,1.4,90.9,56.7,67.7,53.6,60.6,74.6,2.2,6.6,High,1.2,46.3,1
S0943,21,Male,Civil,3,6.5,97.3,69.4,77.8,74.4,63.8,63.5,3.8,6.9,High,2.4,66.4,1
S0837,23,Female,IT,2,5.1,58.7,50.6,63.7,59.2,56.1,62.8,2.0,8.2,Low,2.8,33.4,0
S0576,23,Female,IT,3,5.1,76.0,42.4,48.8,45.7,47.6,55.4,1.5,5.3,Low,2.6,37.1,0
S0558,18,Male,ME,1,3.5,75.8,58.3,83.2,71.0,72.1,76.2,3.4,7.8,High,4.0,55.0,1
S1236,20,Male,CSE,2,1.7,49.0,44.6,50.0,34.4,44.0,48.7,0.3,7.3,Low,4.8,25.3,0
S1361,23,Female,ME,3,7.1,84.0,51.1,48.4,58.6,66.4,71.7,1.8,7.3,Low,3.7,45.7,1
S1348,20,Male,CSE,2,3.8,72.1,51.2,56.2,47.2,48.2,52.6,1.3,7.4,Low,6.9,36.1,0
S1162,19,Male,CSE,2,0.5,38.5,50.4,43.9,56.9,29.7,68.7,1.6,9.6,Low,5.5,46.7,1
S1443,21,Male,CSE,1,4.5,88.0,73.2,82.5,67.2,55.5,62.2,1.6,5.7,Low,3.7,53.7,1
S0287,20,Female,Civil,4,0.5,66.6,45.3,69.5,43.7,63.1,60.2,0.3,6.2,Low,4.9,33.2,0
S1605,18,Male,CSE,2,4.7,80.1,69.8,71.7,53.8,74.0,56.8,4.1,8.1,Low,1.2,52.6,1
S1058,20,Male,IT,1,11.9,99.1,91.0,79.3,85.4,74.3,76.8,3.5,4.3,High,2.5,71.4,1
S0599,19,Male,IT,4,5.4,71.3,74.3,80.9,71.9,73.6,80.9,2.8,7.3,High,3.6,52.4,1
S0933,25,Male,AIML,2,6.6,63.2,65.4,69.0,58.5,55.7,78.4,2.6,7.2,Low,3.4,40.1,1
S1462,21,Male,CSE,2,5.6,80.4,73.8,87.5,74.1,53.4,76.3,2.6,7.0,Medium,4.5,62.7,1
S1638,19,Male,Civil,3,4.7,90.1,42.1,66.1,63.1,53.2,50.7,0.4,7.3,Low,5.1,51.9,1
S1588,20,Female,ECE,3,3.0,59.5,49.4,77.5,58.0,66.7,53.0,4.1,5.4,Medium,3.4,46.2,1
S1041,21,Male,EEE,4,5.4,76.0,86.6,69.7,72.7,93.4,85.0,4.3,5.3,Medium,2.2,64.4,1
S1231,23,Male,ME,1,9.3,64.9,50.4,63.9,78.4,64.5,72.2,3.2,7.9,Medium,4.7,45.6,1
S0807,23,Female,CSE,3,0.5,41.1,46.0,47.8,55.5,33.3,39.9,0.3,10.3,Low,7.5,30.8,0
S0905,20,Male,AIML,1,13.2,81.2,76.1,84.9,67.7,60.1,83.4,3.3,6.9,Medium,2.5,52.9,1
S1680,21,Male,CSE,1,2.2,62.3,51.9,72.2,63.1,55.0,57.2,1.2,8.4,Medium,3.3,33.4,0
S1205,20,Female,AIML,4,7.5,88.8,64.6,71.0,74.9,66.0,67.6,2.9,4.8,Low,3.7,61.5,1
S0768,23,Male,CSE,1,0.5,52.3,42.5,27.1,49.7,35.9,43.3,0.3,9.3,Low,6.3,25.2,0
S0610,21,Male,IT,2,6.2,92.5,73.0,74.0,57.3,76.3,83.3,1.5,6.2,Medium,3.7,55.9,1
S1993,21,Female,ECE,2,7.1,95.3,75.4,75.9,71.7,70.8,64.6,1.6,6.6,High,3.8,46.6,1
S1565,22,Male,AIML,2,8.7,81.5,77.1,62.0,72.4,84.8,80.2,3.6,6.9,High,0.7,47.7,1
S1423,18,Female,AIML,2,7.0,100.0,77.5,85.7,79.8,93.5,96.3,4.5,5.4,Medium,2.5,57.5,1
S1011,19,Female,CSE,1,7.0,63.7,75.6,75.5,52.9,54.0,61.9,4.4,6.9,High,4.7,56.6,1
S0494,19,Male,EEE,1,8.2,85.2,64.8,83.0,76.7,70.4,99.3,4.2,6.5,High,1.8,56.8,1
S1321,19,Female,IT,1,4.4,60.2,54.2,65.8,61.0,60.8,45.1,1.2,8.5,Low,5.6,42.3,1
S0278,21,Male,IT,2,0.5,47.0,43.6,65.0,42.7,32.7,49.1,0.3,8.2,Low,5.0,32.8,0
S1847,19,Female,CSE,4,7.2,71.1,50.8,81.3,67.2,66.9,77.7,1.9,5.6,Low,0.5,45.3,1
S0359,23,Male,ECE,4,5.8,100.0,94.6,62.0,79.6,83.7,77.2,4.1,6.3,High,4.5,53.5,1
S1111,22,Female,AIML,3,5.7,74.5,65.1,50.6,56.6,75.3,58.1,1.5,5.8,Medium,6.6,45.8,1
S0237,19,Female,CSE,3,0.8,42.2,59.3,38.5,62.9,76.4,67.3,0.3,4.8,Low,2.2,41.2,1
S0552,22,Male,CSE,2,0.5,46.3,25.0,36.7,48.8,54.3,53.0,0.3,8.3,Medium,4.4,29.4,0
S1868,19,Female,CSE,2,9.7,71.7,56.9,54.2,63.5,48.4,61.9,1.4,5.9,Medium,4.3,40.7,1
S1813,19,Male,Civil,1,0.5,57.1,48.9,63.1,56.9,41.8,73.5,3.2,6.6,Low,7.1,29.4,0
S0209,18,Male,CSE,2,6.6,78.1,83.2,73.9,84.5,89.2,82.8,3.2,7.7,High,3.7,60.8,1
S1387,22,Male,ECE,1,2.6,65.2,59.8,43.4,64.6,50.8,62.6,2.4,7.2,Medium,0.5,34.4,0
S1561,20,Male,IT,3,0.5,63.1,49.4,41.9,54.9,28.6,52.8,0.3,8.5,Low,6.6,38.5,0
S0059,18,Female,Civil,4,10.8,83.9,80.6,67.7,85.0,60.9,76.3,4.0,5.7,Medium,1.0,65.5,1
S0632,23,Female,IT,1,4.8,73.2,54.0,79.5,64.5,74.8,62.5,4.7,7.1,High,5.2,43.7,1
S1962,20,Male,AIML,2,6.9,63.8,60.5,64.0,42.4,61.2,53.6,2.1,8.2,Low,4.1,49.1,1
S1860,22,Female,ECE,1,6.1,91.7,72.9,71.1,66.7,85.1,71.6,3.3,5.6,High,4.8,55.0,1
S1817,19,Male,CSE,1,2.3,59.3,53.2,79.6,65.8,58.6,73.3,1.3,4.2,Medium,1.1,43.0,1
S0364,21,Male,ECE,2,1.0,60.8,58.7,60.9,38.1,64.6,73.3,2.2,6.2,Low,4.5,38.3,0
S0506,19,Male,IT,4,5.7,80.2,71.8,86.9,81.6,47.4,91.3,2.4,7.8,Medium,0.7,56.8,1
S1166,22,Male,AIML,1,4.1,69.1,41.5,53.0,68.5,56.2,83.2,1.1,7.6,Low,5.2,42.9,1
S1122,24,Male,AIML,1,6.6,79.9,77.4,80.2,76.8,85.6,79.5,2.5,5.4,High,3.7,56.8,1
S1630,20,Female,CSE,3,3.6,100.0,72.9,81.3,71.6,100.0,82.8,3.9,5.2,High,2.6,66.0,1
S1217,18,Male,ECE,3,5.8,54.4,30.3,43.5,27.1,31.9,44.5,0.3,7.3,Low,3.1,34.4,0
S1152,22,Male,CSE,1,7.5,70.8,78.4,70.5,61.2,74.0,77.3,4.6,5.1,High,4.1,51.0,1
S1125,21,Female,AIML,2,1.5,30.0,50.0,59.8,65.9,57.7,81.1,2.4,8.0,High,3.0,31.6,0
S1595,22,Male,IT,1,10.9,83.7,76.3,89.5,80.7,67.8,82.1,6.7,7.0,High,5.0,69.7,1
S0119,23,Male,CSE,1,0.5,72.1,50.8,52.7,45.0,36.0,55.4,1.1,8.4,Low,4.1,28.4,0
S1250,21,Female,ECE,4,9.8,93.8,88.6,78.9,82.5,73.8,100.0,5.0,5.4,High,3.2,60.5,1
S1994,19,Male,ECE,2,8.3,100.0,73.9,65.7,69.6,50.6,83.9,5.4,7.6,Medium,3.9,49.8,1
S0523,24,Male,Civil,4,5.2,66.5,80.7,89.3,79.0,71.0,55.5,4.9,7.9,Medium,2.7,50.2,1
S0514,22,Male,ME,4,3.7,69.7,65.9,63.8,90.0,64.3,61.3,3.7,7.9,Low,3.5,55.6,1
S0082,21,Male,CSE,4,3.6,71.8,72.5,67.1,54.8,67.5,50.2,2.8,4.0,Low,6.9,44.3,1
S0916,20,Female,AIML,1,11.6,89.0,85.6,91.1,60.5,83.5,85.9,3.6,4.7,High,1.5,71.5,1
S1019,23,Male,ECE,2,4.5,84.6,67.2,70.9,81.4,71.6,86.0,3.9,6.6,Low,4.1,53.2,1
S0381,18,Female,CSE,3,8.2,78.2,57.1,64.8,68.6,72.7,69.8,4.3,7.2,High,3.4,55.8,1
S1030,22,Female,CSE,1,4.7,85.1,69.6,68.9,66.1,66.8,71.9,2.2,7.5,Medium,2.2,46.9,1
S1689,21,Male,CSE,2,4.5,79.7,91.6,89.5,88.4,70.0,96.8,2.2,5.9,High,2.9,54.6,1
S0085,20,Male,CSE,1,3.9,55.7,77.4,68.6,64.5,65.8,51.8,1.2,6.5,Medium,2.3,50.2,1
S1678,20,Male,CSE,4,1.3,80.5,25.0,55.6,48.1,32.6,48.7,1.7,7.2,Low,3.9,32.2,0
S0330,19,Male,EEE,1,5.6,78.9,66.3,74.1,63.2,61.9,59.8,1.4,7.9,High,2.1,42.0,1
S0007,18,Male,IT,2,6.0,69.2,56.3,91.1,72.7,54.9,63.6,1.1,6.8,Medium,1.0,46.4,1
S0746,23,Female,CSE,4,5.7,63.2,61.2,59.2,71.9,56.6,57.3,2.4,9.0,Medium,3.9,40.5,1
S1554,23,Male,ME,2,3.4,31.5,57.2,72.8,58.2,63.9,75.3,1.7,6.9,Low,5.0,35.7,0
S0915,21,Male,CSE,2,4.5,79.3,66.2,60.8,76.3,68.7,68.2,0.5,7.8,Medium,2.8,51.7,1
S0874,20,Male,CSE,2,8.5,82.9,64.3,86.0,62.5,67.8,66.6,3.5,4.2,Low,5.9,68.2,1
S0452,21,Female,ECE,4,6.2,61.8,64.4,64.5,67.5,58.0,78.4,0.9,6.9,Low,1.7,48.6,1
S0491,20,Male,IT,3,11.1,83.4,75.1,79.5,87.6,78.9,67.1,3.4,5.7,High,1.9,60.2,1
S1481,22,Male,EEE,2,4.3,49.4,54.4,54.1,66.5,52.4,69.0,1.9,5.5,High,2.5,38.3,0
S0288,21,Male,ECE,2,6.7,70.4,64.6,86.5,68.2,69.6,81.8,2.8,6.5,Medium,3.7,54.8,1
S0949,23,Male,EEE,4,4.3,92.7,60.1,52.9,68.7,72.3,63.4,3.2,8.0,Low,4.1,53.4,1
S1986,18,Female,CSE,4,3.0,41.3,49.8,50.7,35.3,50.9,40.0,0.4,7.2,Low,3.1,33.3,0
S1369,19,Male,EEE,1,11.1,60.0,74.4,63.7,58.9,75.7,70.6,2.6,7.7,Medium,5.9,46.7,1
S1147,22,Female,ME,3,8.1,99.3,75.6,79.3,88.1,79.6,83.3,5.0,4.8,High,4.4,65.3,1
S0706,25,Female,IT,4,7.2,78.7,89.4,84.6,90.8,68.2,78.0,3.3,5.6,Medium,2.5,58.5,1
S1727,20,Male,CSE,1,2.7,34.3,26.5,44.3,45.4,26.6,61.7,2.4,8.2,Low,4.4,30.1,0
S1702,20,Female,IT,3,8.5,80.0,73.3,69.0,77.1,70.7,91.9,2.6,6.9,Medium,3.7,47.5,1
S1629,18,Female,ECE,4,6.7,72.9,64.6,62.3,64.7,64.9,76.9,1.6,6.9,High,3.5,46.7,1
S1600,23,Female,EEE,2,1.5,42.3,51.7,48.8,46.6,49.8,63.2,1.1,7.7,Low,3.5,31.7,0
S1539,19,Female,ECE,2,8.5,79.0,52.2,67.2,73.9,65.7,62.4,2.3,4.7,Medium,3.0,53.6,1
S1406,20,Female,Civil,1,5.6,79.5,71.3,53.8,72.5,64.1,62.8,1.4,9.1,High,3.7,55.8,1
S1651,18,Female,EEE,1,8.6,63.5,51.5,59.7,57.7,57.6,68.3,0.9,4.8,Medium,5.5,41.2,1
S0328,21,Male,AIML,2,2.3,100.0,62.6,71.9,60.7,56.5,73.1,4.8,6.3,Medium,3.8,48.9,1
S0443,20,Female,CSE,3,3.2,81.8,68.4,41.0,65.5,46.6,53.1,1.7,7.4,Low,5.4,50.7,1
S0775,22,Female,IT,2,7.7,72.1,70.4,82.6,83.9,71.9,63.3,1.1,6.9,Low,4.1,59.7,1
S1088,19,Male,CSE,3,5.2,78.4,81.1,89.5,81.1,79.1,76.2,4.3,6.2,Medium,6.1,52.7,1
S1221,24,Male,IT,4,8.4,72.1,73.9,60.0,63.3,78.4,57.3,0.3,5.8,Low,1.9,45.9,1
S1636,19,Male,CSE,1,8.6,93.6,98.0,100.0,100.0,93.3,82.1,5.7,7.4,High,3.7,55.5,1
S0178,20,Female,EEE,1,1.1,80.6,54.7,78.7,74.2,52.7,54.2,3.6,5.6,Medium,5.6,40.5,1
S1323,23,Female,IT,2,9.9,72.1,87.3,80.1,96.2,88.5,77.2,5.3,4.4,High,2.5,76.0,1
S0705,18,Female,IT,2,6.6,85.2,82.1,90.2,86.7,91.1,84.1,5.8,7.0,High,2.8,72.3,1
S0087,22,Male,CSE,3,5.5,100.0,68.6,81.0,66.0,77.3,82.6,3.4,7.7,Medium,2.1,49.9,1
S1884,22,Male,AIML,4,2.8,81.1,72.0,44.2,56.3,52.7,46.7,0.3,7.1,Low,5.8,29.1,0
S1948,19,Female,CSE,3,8.4,76.7,71.8,69.3,66.9,61.2,71.2,4.4,7.4,Medium,1.0,62.1,1
S0458,20,Female,CSE,2,4.5,62.2,78.2,65.5,76.9,63.9,54.6,2.8,5.6,High,1.2,45.5,1
S1829,22,Female,IT,3,5.9,94.2,62.4,59.0,70.0,64.2,72.4,2.2,6.7,Low,2.5,47.0,1
S0055,21,Female,EEE,4,8.7,100.0,90.4,83.9,100.0,94.6,100.0,4.9,5.8,High,3.5,83.8,1
S1502,20,Female,CSE,4,4.1,68.5,56.4,70.1,65.7,74.2,67.7,1.6,7.5,Low,3.5,48.1,1
S0644,20,Female,CSE,4,9.5,100.0,75.8,82.0,82.2,77.8,89.5,5.7,7.0,High,3.4,66.1,1
S0678,20,Male,AIML,1,0.5,53.5,35.6,44.1,50.0,21.1,35.0,0.6,8.2,Low,4.5,29.7,0
S0222,21,Female,ME,3,5.4,80.9,64.3,73.7,69.2,59.3,69.7,4.8,6.9,High,6.5,57.8,1
S0114,22,Female,CSE,3,2.8,61.3,56.8,50.3,48.2,56.1,48.0,0.4,4.7,Low,6.4,43.7,1
S0983,18,Female,ME,4,6.8,78.6,81.0,88.8,74.8,88.2,94.3,2.2,5.2,High,1.3,54.1,1
S1229,25,Male,CSE,4,9.4,71.3,86.7,86.4,74.0,65.7,68.6,5.5,6.9,High,0.8,67.4,1
S1000,20,Female,ME,3,3.7,66.3,63.9,50.2,67.3,61.7,50.5,3.0,9.0,Medium,1.0,47.2,1
S0175,21,Male,Civil,2,6.7,71.5,77.9,100.0,81.6,80.6,78.3,4.5,7.9,High,4.6,55.1,1
S0782,21,Female,CSE,2,1.4,58.6,57.2,70.9,55.9,52.8,70.3,1.7,7.6,Medium,4.7,33.8,0
S0590,19,Female,EEE,4,12.2,100.0,98.0,100.0,100.0,100.0,100.0,4.3,7.9,High,0.5,76.3,1
S1560,23,Male,ME,4,9.0,60.6,69.2,65.5,78.3,73.7,77.6,4.3,5.5,Low,4.3,47.2,1
S0019,20,Male,IT,3,9.3,90.1,60.9,89.6,79.1,65.2,64.4,2.4,5.4,High,2.3,56.1,1
S0424,20,Male,EEE,1,10.2,77.2,75.2,80.4,88.9,86.4,62.9,6.6,6.4,High,3.8,62.0,1
S1344,22,Male,CSE,2,2.3,74.7,53.2,58.3,61.1,57.9,69.1,1.7,9.2,Medium,1.8,35.6,0
S0286,18,Male,ME,3,4.9,73.1,40.3,49.1,54.4,72.1,79.5,1.4,7.1,Low,2.6,37.4,0
S1584,20,Female,ME,1,2.6,87.6,59.3,73.5,60.3,72.7,62.0,3.4,6.7,Medium,2.6,44.8,1
S0429,20,Male,CSE,1,4.4,71.8,80.8,82.9,93.5,73.7,97.4,1.3,5.8,High,2.6,59.1,1
S1510,22,Male,ECE,4,4.5,53.6,54.4,74.6,83.6,54.8,58.0,4.3,6.5,Medium,0.5,47.7,1
S1319,18,Female,CSE,2,6.5,58.3,55.8,49.6,70.4,88.9,55.7,2.3,8.4,Low,3.5,43.9,1
S0670,19,Male,ME,1,6.8,69.0,75.6,63.6,76.4,57.5,77.2,1.9,6.0,Medium,5.6,68.7,1
S0032,19,Female,IT,2,5.8,66.6,65.7,65.8,52.2,69.0,65.2,0.6,7.5,Low,4.7,57.3,1
S0941,19,Male,IT,4,0.5,57.2,51.8,52.2,41.8,53.6,53.1,2.0,7.0,Low,3.0,36.7,0
S0723,18,Female,CSE,4,7.9,87.3,78.2,74.9,68.8,63.8,75.2,4.3,6.5,High,2.9,57.5,1
S0995,20,Male,CSE,4,4.2,51.7,45.4,72.8,59.1,44.7,60.1,0.5,7.7,Low,1.5,48.2,1
S0215,21,Female,ME,4,10.1,77.6,76.7,84.3,86.8,95.9,88.2,5.5,8.7,High,2.1,58.0,1
S0814,23,Male,ECE,4,2.2,73.2,65.6,55.1,55.4,36.1,62.3,1.0,6.1,Low,4.1,41.4,1
S0327,21,Female,CSE,4,3.9,77.0,61.1,72.6,50.9,59.8,55.1,0.7,7.8,High,5.2,49.2,1
S0561,21,Female,EEE,1,10.8,95.0,84.3,90.3,75.6,76.4,97.5,4.2,4.5,High,3.6,53.6,1
S1113,19,Female,ME,2,10.0,99.9,81.7,88.3,81.4,78.2,91.2,4.0,5.2,High,1.6,56.8,1
S0701,21,Male,CSE,3,2.5,95.0,76.8,87.5,68.8,66.7,73.0,3.2,6.2,High,8.6,46.2,1
S1579,21,Female,AIML,4,0.5,57.2,46.3,51.4,49.5,44.3,47.4,0.3,7.6,Low,6.4,35.4,0
S1190,21,Female,IT,3,4.8,65.1,52.5,46.4,72.1,65.5,39.1,1.7,9.4,Low,3.1,38.3,0
S0342,20,Male,CSE,3,5.8,61.3,56.0,47.6,58.6,65.7,52.2,0.8,6.4,Medium,6.7,51.7,1
S0630,19,Male,ECE,3,5.3,100.0,75.7,82.9,73.5,79.7,77.1,1.7,7.4,High,3.6,45.4,1
S0148,20,Male,IT,2,5.3,73.1,70.4,80.4,61.0,68.6,64.2,4.1,7.9,Low,1.9,45.9,1
S1310,22,Male,Civil,1,0.5,61.6,25.0,20.0,25.6,32.7,25.0,0.3,6.7,Low,5.2,25.4,0
S0361,20,Male,CSE,1,4.6,94.7,81.4,78.7,67.1,77.7,84.2,3.0,5.5,High,5.2,44.5,1
S0084,18,Female,EEE,1,7.7,85.5,66.4,61.0,67.2,72.1,70.9,4.1,7.0,Low,2.5,61.4,1
S0049,21,Female,Civil,4,9.9,100.0,85.6,75.0,92.4,87.7,82.9,7.1,6.0,High,2.2,68.4,1
S0469,19,Male,AIML,4,8.0,87.7,59.2,57.2,64.0,75.1,81.3,1.8,8.3,Medium,6.2,52.6,1
S0156,19,Male,CSE,1,6.4,100.0,76.2,64.0,68.6,62.7,81.9,4.7,6.9,High,3.1,63.8,1
S0773,19,Female,CSE,3,6.6,72.3,91.0,72.5,60.7,86.8,53.2,3.6,6.9,Medium,1.7,46.0,1
S1240,19,Female,IT,2,5.7,86.0,57.3,59.2,78.5,55.1,66.1,0.3,5.5,High,7.6,47.6,1
S1201,22,Female,IT,2,8.5,88.7,74.4,89.7,57.2,73.5,74.3,5.3,7.4,High,1.4,62.2,1
S1403,18,Female,AIML,3,4.3,69.5,58.0,68.4,56.7,70.5,66.4,0.3,5.5,Low,4.3,43.6,1
S1203,18,Male,ME,2,5.0,88.2,71.0,53.0,46.4,52.2,71.0,0.3,7.3,Low,3.7,45.9,1
S1631,22,Female,EEE,2,2.5,64.7,66.6,72.5,57.4,70.4,70.2,1.6,8.5,Medium,3.5,44.2,1
S0501,21,Female,ME,1,0.5,47.6,36.9,38.3,27.1,48.2,29.9,0.3,7.0,Low,5.1,32.3,0
S1765,19,Male,Civil,3,9.3,90.5,75.7,87.5,82.5,71.9,94.6,4.9,7.2,High,5.0,57.7,1
S0180,19,Male,IT,2,0.5,44.5,36.3,44.6,57.9,27.1,53.9,0.3,7.0,Low,4.8,28.5,0
S1048,18,Male,ECE,1,6.8,92.3,78.5,82.4,83.2,65.1,80.3,1.9,5.4,Medium,1.5,62.7,1
S1756,22,Male,IT,3,2.3,89.3,44.1,50.6,70.8,44.0,65.4,2.9,6.6,Medium,2.8,29.2,0
S0951,21,Female,IT,3,5.1,73.5,72.8,84.5,71.0,94.4,90.6,4.2,5.8,High,3.3,47.2,1
S1317,21,Male,IT,1,0.5,59.1,55.2,56.1,47.1,49.6,42.9,3.9,6.2,Medium,4.3,40.4,1
S1620,22,Male,CSE,2,8.4,90.1,80.3,80.3,82.2,82.6,84.2,3.0,8.1,High,1.7,59.5,1
S0529,18,Male,ECE,2,8.2,96.0,65.3,90.6,61.3,73.4,48.4,3.6,5.2,Low,5.5,64.6,1
S0347,21,Female,EEE,2,3.0,80.6,79.6,83.2,77.6,75.5,71.2,6.7,6.2,Medium,3.5,60.0,1
S1388,19,Female,AIML,4,6.3,86.6,63.1,56.1,63.5,35.0,76.8,1.4,6.9,Low,4.5,45.6,1
S1961,18,Female,IT,4,5.5,84.2,65.9,83.0,69.1,46.0,71.9,1.6,6.9,High,3.6,46.3,1
S1051,23,Male,CSE,4,5.9,86.2,47.4,64.0,47.7,50.2,74.6,1.1,5.8,Medium,5.7,49.8,1
S1973,19,Male,EEE,1,5.9,61.0,41.5,51.2,48.2,45.4,64.6,1.5,5.7,Low,4.6,46.8,1
S1442,18,Male,CSE,1,3.1,77.7,72.5,62.1,70.9,65.2,87.9,3.4,7.2,Medium,3.6,51.3,1
S0602,19,Male,EEE,3,5.0,73.5,58.4,60.2,53.1,42.4,46.4,1.4,7.4,Medium,4.4,47.5,1
S1282,21,Male,ECE,1,11.4,94.4,83.2,84.4,87.5,100.0,82.0,2.1,6.4,High,2.5,55.4,1
S0244,20,Female,ECE,3,2.0,73.4,75.5,77.5,79.8,59.2,60.1,0.3,7.5,Low,3.3,49.9,1
S1337,19,Female,IT,1,12.4,86.5,76.2,77.4,80.2,86.6,78.8,3.0,5.5,High,4.7,60.1,1
S1068,18,Female,IT,2,3.2,82.2,59.8,39.6,46.3,75.5,74.1,0.3,5.6,Medium,1.9,36.7,0
S1476,21,Female,IT,2,1.0,58.9,51.2,52.1,55.8,43.0,61.9,0.9,3.6,Low,3.9,46.0,1
S0313,18,Male,CSE,3,6.8,83.6,72.9,91.6,68.9,65.9,55.0,1.9,7.2,High,1.9,46.3,1
S0436,21,Male,IT,3,4.0,63.0,65.2,61.3,45.8,52.2,83.0,1.7,7.0,High,4.1,40.0,1
S1899,20,Female,AIML,1,0.5,30.3,25.0,29.3,25.0,15.0,25.0,0.3,9.6,Low,0.9,18.0,0
S1329,21,Male,IT,1,5.5,100.0,95.0,69.3,75.3,77.8,82.2,5.0,8.2,High,2.3,52.7,1
S0309,22,Male,Civil,2,7.0,77.5,67.7,95.4,66.1,68.7,74.8,5.9,5.0,High,3.0,56.5,1
S0431,19,Female,ME,3,1.5,67.0,67.6,54.9,55.7,59.1,76.4,2.4,5.8,High,3.4,44.4,1
S0661,20,Male,ECE,3,3.7,68.3,71.8,55.7,66.4,62.9,70.5,3.3,5.1,Low,2.7,54.1,1
S0371,18,Female,CSE,3,4.9,65.1,67.2,72.8,79.0,60.0,46.1,3.4,6.0,High,3.0,55.4,1
S0567,20,Male,CSE,3,4.8,56.4,56.6,64.0,65.5,62.8,55.9,2.7,7.3,Medium,3.7,38.0,0
S0980,21,Female,CSE,1,8.3,84.0,81.7,87.7,88.5,85.1,79.5,2.7,5.8,Medium,0.5,59.4,1
S0182,18,Male,ME,1,6.6,76.0,46.8,65.1,72.4,67.3,70.6,2.3,6.5,Medium,3.9,51.9,1
S1363,21,Female,ECE,3,8.1,84.0,69.3,67.7,82.8,56.3,65.8,4.3,4.5,Medium,2.3,56.4,1
S0622,19,Female,EEE,2,0.5,60.0,52.6,67.7,42.3,52.0,61.8,2.5,5.6,Medium,3.2,41.8,1
S0819,18,Male,Civil,4,4.5,72.1,37.6,59.1,73.3,67.2,51.0,0.5,5.4,Medium,1.5,52.5,1
S1193,20,Female,EEE,2,3.0,75.7,40.9,48.1,43.5,49.6,67.8,0.3,6.6,Medium,3.4,34.2,0
S0953,19,Female,IT,2,6.0,76.7,74.3,67.8,93.6,53.6,79.7,2.4,7.4,Medium,4.2,45.2,1
S1422,20,Female,IT,3,10.6,55.2,63.4,47.9,76.7,64.4,68.7,1.8,5.8,Medium,3.8,51.3,1
S1841,20,Male,IT,3,3.2,59.4,38.7,65.6,30.9,23.0,60.5,0.3,8.0,Low,3.9,32.4,0
S0923,23,Female,ME,1,7.4,83.0,49.4,77.6,57.3,51.1,60.7,2.7,5.7,Low,4.7,60.6,1
S1074,18,Male,CSE,1,10.6,73.8,79.4,92.7,85.8,92.8,94.6,5.1,6.7,High,3.6,65.1,1
S0297,22,Male,CSE,2,2.5,54.6,30.4,43.9,43.2,36.6,53.0,0.3,8.1,Low,4.5,32.1,0
S0967,21,Female,AIML,4,4.8,88.4,81.5,75.7,61.9,77.0,53.9,3.8,7.6,Medium,4.0,45.8,1
S0462,21,Female,ECE,3,9.0,100.0,89.9,82.1,72.9,85.0,100.0,3.7,7.5,High,2.4,63.4,1
S1303,18,Female,EEE,2,7.8,68.6,74.7,44.7,66.2,69.4,87.7,1.7,6.3,High,5.3,46.4,1
S1177,22,Female,Civil,4,10.3,78.4,89.0,92.9,82.8,91.3,82.6,6.6,5.2,High,3.5,68.3,1
S0378,18,Female,Civil,4,4.0,75.9,41.4,59.5,54.9,61.4,57.7,0.3,7.3,Medium,2.6,37.5,0
S0799,21,Female,CSE,1,4.9,74.2,57.1,68.0,68.9,51.1,73.3,3.9,7.3,Low,2.7,43.5,1
S1103,23,Female,ECE,4,0.7,67.7,58.6,53.9,55.3,44.7,51.4,1.8,5.8,Low,3.0,38.2,0
S0106,19,Male,ME,1,3.5,65.9,51.6,71.2,68.6,54.3,64.7,1.1,8.2,Medium,3.1,33.5,0
S0127,22,Female,ME,2,7.4,100.0,64.6,70.7,77.6,74.6,91.1,3.0,4.2,High,3.8,54.8,1
S1996,21,Male,ME,2,3.5,68.3,82.1,65.8,86.8,68.8,69.2,1.8,7.6,Low,5.6,34.5,0
S0839,21,Female,CSE,1,0.5,30.0,25.0,36.9,38.4,15.0,46.8,0.3,6.7,Low,7.2,25.6,0
S0356,21,Male,ME,4,10.1,78.9,97.8,88.3,85.3,97.0,87.9,3.0,7.3,High,3.4,63.1,1
S1617,25,Female,Civil,2,5.1,72.1,52.4,58.5,57.0,61.8,48.6,0.7,5.4,Medium,1.5,42.7,1
S0683,19,Male,AIML,4,3.8,72.1,44.7,42.9,52.8,43.5,58.8,0.3,8.8,Low,5.4,33.9,0
S0813,19,Female,CSE,1,14.0,83.2,76.9,79.5,72.2,64.2,79.1,2.4,7.8,High,2.0,60.2,1
S1681,20,Female,CSE,4,5.6,38.3,66.8,67.8,56.4,54.7,58.0,3.7,5.6,Medium,2.3,41.0,1
S0210,19,Female,CSE,1,7.2,82.6,79.7,64.8,81.1,69.1,100.0,3.0,5.3,High,0.5,73.6,1
S1493,19,Female,ECE,2,3.0,90.1,58.6,87.1,63.3,49.5,65.1,2.0,5.3,Medium,6.2,35.6,0
S0141,24,Female,IT,2,0.5,54.3,42.9,52.8,44.6,50.5,42.5,2.0,6.9,Low,2.8,30.5,0
S1975,19,Male,IT,2,12.2,98.7,96.0,90.3,100.0,84.1,84.9,5.0,7.6,High,3.0,71.3,1
S1340,18,Female,CSE,3,4.0,72.7,67.5,63.8,47.3,46.5,79.6,3.0,8.3,High,2.6,42.4,1
S1798,18,Male,AIML,1,5.8,76.1,59.9,71.5,72.2,55.9,53.8,3.2,5.3,Low,3.4,57.7,1
S1575,19,Female,ME,1,0.5,62.4,72.4,56.0,51.6,69.5,67.5,1.2,7.3,Low,3.7,36.7,0
S1182,20,Male,Civil,2,4.9,62.0,61.4,57.3,55.3,62.0,74.9,1.3,6.6,High,1.9,53.6,1
S1394,20,Male,ECE,3,9.0,76.3,74.7,76.7,80.0,58.5,78.5,3.8,6.9,High,4.0,56.4,1
S1816,24,Female,CSE,2,9.6,82.3,71.3,74.3,59.7,67.9,69.2,2.1,4.6,Low,2.2,57.2,1
S0712,21,Male,ECE,1,11.4,70.7,73.9,71.5,61.9,75.5,90.2,4.6,5.5,Medium,3.0,54.6,1
S1794,21,Female,AIML,3,9.6,100.0,98.0,100.0,100.0,100.0,97.8,4.3,7.5,High,2.7,64.7,1
S0893,22,Female,ME,4,4.1,76.5,63.6,65.4,63.5,76.0,68.5,3.1,4.9,Low,0.8,46.3,1
S0860,18,Male,Civil,3,3.7,58.7,61.3,84.0,66.2,58.4,61.6,1.6,4.2,Low,3.3,44.2,1
S0011,18,Male,CSE,4,0.5,49.8,49.1,32.2,62.8,47.1,45.2,0.3,8.1,Low,2.8,29.4,0
S1695,20,Male,EEE,4,6.6,75.0,49.3,62.5,80.0,45.9,77.3,4.2,7.4,Low,5.8,44.8,1
S1428,24,Female,CSE,2,6.1,80.9,68.7,66.6,70.1,48.2,71.1,1.9,5.7,High,3.5,48.7,1
S0283,20,Male,CSE,3,6.9,80.2,81.3,73.6,93.5,67.2,80.3,3.0,6.8,High,3.6,63.3,1
S0811,25,Male,CSE,4,10.1,72.1,89.6,79.1,78.7,88.7,82.7,3.5,7.4,High,2.2,54.7,1
S1342,20,Female,AIML,2,1.6,33.5,63.7,79.6,67.2,76.1,70.9,3.3,4.9,Low,3.4,37.1,0
S0292,18,Male,CSE,2,10.7,75.4,56.1,43.6,61.4,59.8,81.5,1.6,6.9,Low,2.6,56.0,1
S0755,19,Female,Civil,1,3.2,57.8,57.8,70.3,56.9,64.8,75.0,1.5,5.6,Low,4.2,30.9,0
S0627,20,Male,IT,4,0.9,57.6,53.1,60.2,58.9,69.1,62.5,0.3,6.9,Medium,4.3,26.3,0
S0944,22,Female,IT,1,1.3,63.4,48.0,54.6,54.7,48.4,60.6,0.3,6.0,Low,3.4,38.4,0
S0862,20,Male,EEE,4,3.2,86.6,55.2,41.9,43.2,34.8,64.9,3.3,7.1,Low,3.8,45.1,1
S0130,20,Male,CSE,2,2.4,53.9,28.3,48.6,43.7,30.9,51.0,0.3,6.3,Low,3.3,27.6,0
S1176,21,Male,EEE,2,2.8,75.7,79.9,66.4,62.0,61.0,76.8,3.6,5.2,Low,3.7,52.0,1
S0324,19,Male,ECE,2,1.0,43.7,38.3,27.8,25.0,39.7,41.5,2.6,8.1,Low,5.2,31.9,0
S1091,23,Male,CSE,1,2.8,63.1,44.0,54.0,59.5,20.9,49.7,1.8,9.9,Low,5.4,29.5,0
S0844,24,Female,CSE,1,7.0,89.4,53.8,75.1,74.5,57.0,58.8,1.6,6.8,High,6.1,53.4,1
S0964,20,Female,EEE,3,6.0,81.9,60.5,68.7,67.4,59.7,78.9,3.8,7.8,High,3.7,46.9,1
S1865,25,Male,EEE,2,10.1,84.0,98.0,80.9,81.5,68.5,83.2,4.4,6.6,High,5.2,57.0,1
S0866,21,Female,ME,2,0.5,83.2,52.5,53.4,52.7,72.2,55.7,1.5,7.2,Low,4.2,39.9,0
S0922,20,Female,EEE,1,11.9,87.8,89.8,65.8,100.0,100.0,93.8,4.6,8.5,High,5.9,66.1,1
S0696,21,Male,Civil,3,2.2,81.0,70.4,79.9,58.4,66.6,70.2,3.3,8.1,Low,3.6,48.4,1
S0216,19,Male,Civil,4,10.4,90.3,76.5,73.1,66.2,61.2,69.8,1.9,5.1,Low,4.9,67.6,1
S1781,18,Male,ME,2,4.4,55.2,58.6,55.5,32.1,64.0,43.3,2.2,6.6,Low,3.5,46.8,1
S1262,22,Male,Civil,1,6.0,100.0,86.9,99.5,77.2,68.2,73.1,0.3,6.5,Medium,4.7,65.0,1
S0159,19,Male,AIML,1,0.5,51.0,51.3,59.1,68.4,58.4,77.3,0.4,8.0,Low,3.7,50.0,1
S1059,20,Male,ECE,4,2.5,80.2,65.9,47.6,63.3,32.1,63.6,0.3,8.4,Low,5.5,33.0,0
S0989,19,Female,EEE,1,2.0,46.1,25.0,46.9,25.0,15.0,54.8,0.3,6.5,Low,3.7,25.5,0
S0842,21,Female,AIML,1,0.8,69.3,37.6,61.8,69.9,42.4,62.6,0.7,6.1,Low,3.0,36.5,0
S0635,18,Female,CSE,3,10.7,98.3,72.9,79.2,87.8,75.7,70.2,4.3,8.1,High,2.4,56.1,1
S0517,20,Male,ECE,4,2.0,71.9,67.3,47.7,60.9,78.8,87.4,2.6,5.2,Low,3.4,45.9,1
S1429,21,Female,ME,3,9.2,77.1,71.6,69.8,77.6,83.0,79.6,0.6,6.9,High,3.9,49.1,1
S1748,19,Male,AIML,3,2.6,67.0,68.0,63.5,50.4,48.5,65.3,0.5,8.7,Medium,3.7,52.9,1
S0598,19,Male,CSE,1,3.2,49.4,49.4,62.4,45.2,28.3,61.8,0.3,6.7,Low,4.8,30.8,0
S0196,20,Male,CSE,1,9.5,87.3,89.2,87.0,78.7,72.6,72.6,6.6,8.0,Medium,3.3,62.6,1
S1784,21,Female,CSE,1,4.1,95.1,67.6,66.9,61.1,40.7,70.9,4.2,7.5,High,0.8,44.0,1
S0870,23,Male,EEE,4,7.1,73.4,60.2,70.8,62.6,73.0,72.8,4.2,7.9,Low,4.5,52.1,1
S0411,20,Female,CSE,1,7.9,70.6,71.1,86.1,74.6,71.5,88.7,6.0,8.0,High,2.6,44.6,1
S0097,21,Female,CSE,1,3.6,79.0,80.5,85.2,67.3,87.7,72.8,3.7,5.9,High,2.8,44.4,1
S1001,19,Female,IT,1,2.3,57.1,61.9,58.2,61.6,72.1,75.7,2.4,5.5,Medium,2.2,43.3,1
S1506,20,Female,CSE,4,6.6,95.5,94.2,77.1,74.7,88.6,93.6,3.6,7.4,High,2.5,42.0,1
S0157,21,Male,ECE,3,0.5,58.0,46.1,57.7,56.9,40.4,54.1,2.0,6.5,High,4.0,30.9,0
S0420,22,Male,CSE,2,6.9,59.3,78.9,63.7,71.7,55.6,84.9,4.8,6.4,High,0.9,52.7,1
S1803,20,Female,IT,4,0.5,64.1,40.2,61.2,46.4,44.9,58.2,2.3,7.4,Low,4.4,34.0,0
S0478,21,Female,IT,1,4.2,71.0,59.3,63.3,52.7,73.7,80.3,1.5,7.3,Low,8.0,39.4,0
S1856,19,Male,EEE,2,4.2,68.8,43.9,65.6,43.0,61.4,57.3,1.9,7.3,Low,6.1,39.2,0
S0669,19,Female,ME,1,1.8,64.1,45.6,44.0,66.0,19.4,59.2,1.6,6.6,Low,5.3,29.3,0
S1418,19,Female,IT,1,0.5,79.8,41.4,57.7,53.6,53.0,50.1,1.8,8.7,Low,1.1,37.4,0
S1872,19,Male,CSE,1,7.7,55.5,56.0,69.5,64.4,51.1,62.6,0.4,7.5,Low,4.7,36.2,0
S1300,21,Female,CSE,3,3.7,72.2,67.8,57.9,53.5,45.9,54.3,0.7,7.4,Low,5.8,49.1,1
S0448,22,Male,EEE,2,3.3,67.8,57.9,64.2,72.2,70.1,62.0,0.8,6.0,Low,3.9,34.2,0
S0554,21,Female,Civil,1,4.3,82.3,79.0,92.7,100.0,75.3,67.3,4.5,6.4,High,3.1,58.1,1
S0179,23,Female,IT,1,5.9,94.7,69.1,60.3,74.2,58.9,85.0,2.1,7.2,High,2.9,49.3,1
S0391,25,Male,CSE,1,3.3,83.0,64.7,63.7,68.4,58.8,71.3,0.7,4.8,Medium,5.0,39.8,0
S0579,20,Male,AIML,2,6.0,63.2,46.0,59.1,54.3,62.2,87.5,2.7,8.3,Medium,1.1,41.2,1
S1478,22,Male,ME,1,3.0,49.8,54.1,52.7,54.4,56.5,62.0,2.1,6.5,Low,3.4,37.9,0
S1707,21,Female,Civil,3,2.0,63.5,51.3,58.2,58.5,61.0,71.0,1.5,7.9,High,3.9,26.9,0
S1288,20,Female,CSE,2,5.7,61.5,72.4,77.6,63.9,50.3,62.8,0.7,7.2,Low,2.6,32.0,0
S1645,18,Female,ME,1,15.7,93.0,56.5,81.8,74.0,83.2,88.0,5.1,7.0,Medium,2.8,69.2,1
S1024,24,Male,EEE,4,10.3,92.4,75.5,73.9,63.0,68.0,83.0,2.4,5.9,Medium,1.2,59.6,1
S0821,22,Female,IT,2,1.3,74.8,62.9,59.1,47.6,50.0,62.2,2.5,8.1,Low,4.0,45.2,1
S1825,21,Male,CSE,2,7.3,80.8,78.7,73.0,100.0,73.6,71.4,5.0,5.4,High,3.7,66.4,1
S0985,22,Female,ECE,4,10.3,78.1,80.8,72.9,74.7,70.0,62.2,3.6,5.9,High,2.4,62.5,1
S1339,18,Female,Civil,3,0.5,52.0,25.0,51.1,41.6,47.0,49.8,0.3,7.3,Low,4.2,40.3,1
S0665,18,Female,Civil,4,4.6,73.3,52.2,55.7,64.7,52.6,61.7,1.6,9.4,High,5.4,53.9,1
S0143,20,Female,CSE,1,4.5,87.7,74.9,71.5,64.6,57.4,95.0,2.7,5.9,Low,3.1,55.2,1
S1517,21,Male,EEE,2,4.8,68.2,47.4,65.4,74.6,54.1,62.0,2.8,5.4,Medium,3.8,45.2,1
S1430,22,Female,EEE,3,5.3,100.0,76.6,47.5,66.9,82.1,64.3,0.8,8.3,Low,2.8,51.0,1
S0865,20,Male,IT,3,11.0,78.3,76.4,79.0,82.3,91.2,91.7,3.2,6.0,High,1.7,61.5,1
S0422,22,Male,AIML,2,0.5,43.0,33.5,46.8,25.0,23.1,30.8,0.3,8.4,Low,3.8,30.1,0
S0637,21,Female,IT,4,0.5,34.4,61.7,57.2,70.9,44.5,61.2,0.8,8.2,Medium,5.3,28.7,0
S1407,22,Female,AIML,3,0.5,77.9,41.4,58.7,57.7,37.1,54.1,0.3,7.4,Medium,3.6,21.9,0
S0800,23,Male,ME,2,0.9,57.6,70.5,64.2,60.5,56.7,56.2,0.4,6.6,Medium,5.4,37.8,0
S1404,22,Male,CSE,2,7.0,78.1,51.8,69.2,55.2,51.0,58.7,3.7,5.6,Low,1.8,49.9,1
S0616,23,Male,IT,3,10.3,95.9,91.7,98.1,92.0,81.9,93.0,7.7,3.6,High,2.3,78.4,1
S0295,19,Male,IT,4,3.6,72.4,52.5,67.1,52.0,66.8,68.3,1.9,8.2,Medium,1.5,46.9,1
S0924,22,Male,Civil,3,10.7,30.0,50.1,60.6,54.4,36.0,59.6,0.9,7.3,Low,5.3,44.1,1
S1269,21,Female,Civil,2,1.5,71.9,45.5,72.5,52.4,48.0,49.9,0.3,5.4,Low,8.0,45.3,1
S1903,22,Female,CSE,1,7.3,86.5,57.8,56.7,65.7,47.2,57.6,1.9,7.4,Medium,5.0,43.6,1
S0089,23,Female,Civil,3,3.2,30.0,41.3,35.3,44.1,35.8,45.6,0.3,7.4,Low,3.2,27.8,0
S0042,20,Female,IT,1,6.3,57.4,48.9,73.2,73.9,61.3,65.1,2.5,7.3,Medium,3.7,47.6,1
S1802,22,Female,CSE,1,0.5,64.0,32.6,37.7,50.9,29.6,54.5,0.3,8.4,Low,5.2,23.7,0
S1934,21,Male,AIML,2,8.5,74.3,74.6,91.5,73.0,65.0,81.5,1.4,5.4,Medium,2.8,47.5,1
S0132,19,Male,CSE,3,2.4,55.3,52.3,55.9,41.7,24.4,40.7,1.0,7.8,Low,3.2,34.6,0
S1002,21,Female,ECE,1,7.7,47.8,51.5,55.2,65.8,59.5,68.6,2.4,7.7,High,4.2,54.6,1
S1158,23,Male,EEE,2,1.4,72.1,43.7,54.5,61.3,41.9,49.0,1.4,7.0,Low,5.9,40.3,1
S1095,19,Male,CSE,2,8.8,90.2,86.8,83.0,85.2,57.2,84.8,6.0,6.6,Medium,3.4,66.1,1
S1855,23,Female,IT,2,10.1,75.6,55.5,68.7,60.2,42.2,77.6,1.7,5.4,High,5.5,44.5,1
S1345,22,Male,AIML,2,0.5,64.4,43.2,45.4,36.9,62.2,47.6,0.3,8.0,Low,3.5,35.1,0
S1499,20,Male,ECE,1,3.1,62.0,60.6,67.1,72.0,45.4,57.9,0.3,7.1,Medium,5.3,40.3,1
S0165,18,Male,ME,1,2.0,51.2,57.4,56.0,55.4,51.2,55.8,3.5,6.8,Low,6.5,28.4,0
S0725,21,Male,CSE,3,7.6,78.5,63.1,67.3,68.9,62.1,60.0,2.8,7.2,High,3.2,45.6,1
S0291,18,Female,ECE,1,6.3,88.6,98.0,92.7,78.9,73.6,93.7,5.6,4.5,Medium,1.7,66.7,1
S1209,19,Male,Civil,2,8.4,100.0,64.2,91.3,76.9,70.7,83.9,5.6,6.7,High,3.4,72.0,1
S1589,20,Male,AIML,2,7.0,69.3,76.4,47.1,72.4,64.8,72.3,3.8,7.8,Medium,4.8,51.7,1
S1897,21,Male,AIML,3,10.3,87.4,98.0,86.3,67.2,78.4,75.9,4.3,6.1,High,3.9,62.3,1
S1642,22,Female,EEE,2,4.6,83.3,85.3,84.1,71.6,66.0,68.4,4.8,5.9,Medium,4.6,53.5,1
S1362,19,Male,CSE,2,0.9,71.8,73.7,79.3,64.7,70.9,72.3,3.2,6.4,High,3.7,53.8,1
S0779,22,Male,CSE,4,8.2,87.7,66.5,80.7,63.9,82.9,76.6,2.4,6.2,Medium,3.9,55.0,1
S0840,21,Male,IT,4,8.5,95.9,66.5,93.0,60.0,69.8,78.5,1.5,8.1,Low,3.8,52.6,1
S0349,20,Female,Civil,3,8.8,72.2,56.5,79.8,93.3,79.4,81.9,4.2,6.6,Low,2.7,53.1,1
S1945,22,Male,AIML,2,8.6,75.5,51.3,57.7,52.7,79.9,55.2,4.3,7.8,Medium,2.1,49.0,1
S0572,22,Female,ME,1,3.9,74.5,54.4,73.4,53.7,57.6,64.3,3.0,6.7,Low,3.0,42.4,1
S0918,23,Female,IT,4,0.5,46.1,36.7,34.4,51.3,40.6,36.6,1.3,7.0,Low,3.8,37.7,0
S0977,21,Female,CSE,3,2.5,76.5,57.8,78.9,56.1,58.3,82.3,2.4,6.7,High,3.9,41.5,1
S1914,20,Female,IT,1,4.4,69.2,57.4,81.1,59.2,77.8,67.5,4.2,9.1,Medium,2.2,56.0,1
S1469,23,Female,Civil,3,7.7,57.7,39.3,94.3,63.2,90.0,75.1,1.8,8.9,High,2.7,37.5,0
S1592,25,Male,ECE,4,2.2,56.2,47.9,60.2,46.3,41.3,53.8,0.3,7.3,Low,7.1,37.2,0
S1318,22,Male,AIML,3,3.7,88.5,62.3,96.8,59.3,60.2,83.3,2.3,6.0,Medium,2.6,48.5,1
S1845,23,Male,Civil,4,3.5,93.5,60.6,79.0,60.5,84.1,70.3,5.3,7.3,High,4.7,46.5,1
S0137,20,Male,EEE,2,6.6,99.1,69.4,70.1,71.7,70.4,88.9,2.6,6.8,Medium,3.7,71.3,1
S0459,18,Male,IT,1,9.7,94.0,82.4,69.9,76.0,66.7,85.4,2.4,5.7,Medium,1.2,67.3,1
S0376,20,Male,ECE,1,3.9,63.5,55.3,50.5,47.6,46.8,59.9,0.3,7.2,Low,4.4,39.4,0
S1343,22,Female,CSE,3,10.3,90.0,73.3,79.4,88.5,86.8,77.1,4.0,6.8,Medium,6.1,57.4,1
S0334,18,Female,ME,2,7.3,52.8,47.4,53.4,55.1,60.5,71.1,1.8,5.2,Low,2.2,57.3,1
S1160,18,Male,CSE,3,5.2,77.3,62.2,60.1,66.3,53.4,64.3,3.2,7.7,Medium,6.3,51.5,1
S1761,20,Male,EEE,3,0.5,46.1,51.4,42.1,40.7,33.2,61.8,2.6,6.1,Low,4.5,38.5,0
S1458,21,Female,IT,2,1.4,59.6,41.2,49.9,37.2,46.9,52.1,1.9,7.5,Medium,5.1,30.9,0
S0817,21,Male,Civil,1,0.5,76.1,51.3,60.2,44.1,39.8,51.2,0.5,7.5,Low,5.6,36.8,0
S1115,21,Male,IT,2,1.6,80.9,88.8,81.7,66.0,72.2,76.7,2.2,7.6,High,3.6,40.3,1
S1006,21,Female,CSE,2,4.2,74.6,85.0,95.4,89.2,68.1,99.5,5.0,6.0,Medium,3.7,47.2,1
S1857,22,Male,CSE,2,9.0,68.7,73.2,80.0,67.1,68.8,67.3,3.0,7.0,High,2.5,54.0,1
S1955,25,Male,CSE,4,9.6,96.1,83.8,77.9,79.5,68.6,79.1,2.2,6.0,High,3.6,49.0,1
S1851,19,Male,CSE,2,6.5,81.3,52.3,52.2,70.8,50.0,73.9,1.1,7.4,Medium,1.6,48.9,1
S0911,21,Male,Civil,2,2.0,65.3,57.1,60.4,36.7,47.0,72.8,1.7,6.9,Medium,0.5,42.5,1
S1930,18,Male,Civil,1,0.5,56.9,28.2,52.5,32.0,34.5,57.9,0.3,8.6,Low,3.8,34.2,0
S1126,21,Female,ME,2,0.5,50.3,42.3,66.3,52.0,38.1,57.1,0.9,6.5,Low,7.2,39.1,0
S0329,20,Female,CSE,2,5.9,69.0,30.7,49.9,46.4,55.8,54.3,0.3,5.8,Low,5.4,37.9,0
S1248,18,Male,Civil,4,10.7,79.8,66.4,76.3,85.1,65.1,89.4,4.0,7.1,Medium,4.7,58.1,1
S0319,19,Male,IT,3,0.5,38.0,25.0,31.6,51.4,28.2,57.5,1.7,6.3,Low,4.8,33.6,0
S1690,22,Male,ME,4,1.8,52.8,64.4,75.4,59.5,64.8,72.5,3.1,6.1,Medium,6.5,37.1,0
S1359,19,Female,Civil,1,11.7,77.0,80.4,78.9,92.8,67.8,80.2,5.0,6.1,High,3.7,62.2,1
S1733,21,Male,ME,1,2.7,85.1,41.0,71.2,67.0,72.4,65.5,1.2,8.2,Low,3.0,41.7,1
S0168,19,Male,CSE,4,5.1,76.4,49.3,60.4,58.1,51.2,57.2,1.3,7.1,Medium,5.4,44.4,1
S0013,22,Female,ME,4,6.5,76.7,85.1,80.9,81.5,81.0,75.6,4.6,7.2,High,3.7,60.4,1
S1927,21,Female,EEE,4,3.3,81.6,55.0,71.0,56.1,65.9,66.3,1.4,7.1,Low,3.8,39.0,0
S0172,18,Male,AIML,3,0.5,31.0,26.7,48.5,30.3,20.1,48.6,0.3,9.2,Low,4.5,22.6,0
S0650,20,Male,CSE,4,3.8,99.4,67.3,78.6,70.2,75.7,70.7,3.7,6.3,Medium,0.9,57.9,1
S1062,25,Male,AIML,2,1.3,66.6,57.0,62.9,48.8,67.2,43.2,2.8,6.8,Medium,3.7,37.2,0
S0261,21,Female,CSE,1,3.3,70.2,68.8,55.9,45.4,64.8,68.7,3.9,8.8,High,0.5,47.3,1
S1367,21,Male,ME,2,4.9,70.7,54.6,67.1,57.2,60.2,74.0,3.8,5.5,Low,3.5,36.9,0
S1549,18,Male,CSE,4,7.3,100.0,83.3,82.3,91.0,86.9,69.7,7.0,4.7,High,4.1,55.9,1
S0902,18,Female,ECE,1,3.0,60.3,49.5,56.1,55.8,43.5,36.3,2.1,6.5,Low,3.3,28.5,0
S0673,18,Female,EEE,1,10.9,75.6,87.9,69.7,91.2,77.2,94.2,5.2,6.2,High,2.7,74.9,1
S0259,21,Male,IT,4,3.9,62.7,55.5,70.5,55.3,67.7,64.3,3.6,7.5,Medium,4.2,47.1,1
S0845,19,Female,CSE,4,7.1,70.1,68.4,80.0,71.2,69.3,74.4,1.4,7.9,Low,3.5,53.5,1
S0868,19,Female,CSE,1,12.5,71.0,66.6,69.3,66.3,48.4,69.4,0.3,6.3,Medium,3.5,64.2,1
S1800,18,Female,CSE,1,2.1,51.9,56.0,51.0,49.4,46.2,48.7,2.4,7.0,Low,4.7,54.2,1
S0139,20,Male,ME,3,1.0,45.1,31.1,20.0,25.0,35.8,58.3,1.6,6.6,Low,3.1,20.8,0
S0894,20,Female,CSE,2,1.8,86.6,53.1,69.9,74.9,49.7,61.3,2.0,6.2,Medium,3.8,49.3,1
S1838,20,Male,IT,3,6.5,89.0,55.8,85.4,65.1,52.7,70.3,2.3,6.1,Medium,5.0,36.9,0
S0550,22,Male,EEE,2,7.4,71.9,46.4,59.2,91.2,48.5,69.9,0.3,5.9,Medium,3.1,46.3,1
S0320,19,Male,ECE,1,5.2,80.1,71.7,70.3,65.8,83.7,69.9,5.3,7.2,Medium,5.2,50.6,1
S1527,19,Female,ME,3,5.8,63.7,70.2,76.7,65.1,52.2,86.2,4.9,5.9,High,4.0,49.0,1
S1806,22,Female,CSE,1,7.9,100.0,72.7,67.4,77.6,55.3,83.3,4.3,7.9,Medium,3.2,62.0,1
S1178,18,Female,CSE,4,4.5,51.8,67.8,55.9,60.3,71.9,76.8,0.3,6.9,Low,5.5,48.3,1
S0559,22,Male,AIML,3,6.9,60.1,54.9,64.8,54.6,50.4,63.6,0.6,5.9,Low,4.7,43.4,1
S0140,24,Female,ECE,4,2.9,63.4,73.9,77.1,67.0,77.9,73.8,2.9,5.5,Low,2.0,33.6,0
S1735,19,Male,ME,1,4.1,50.0,40.1,35.7,55.0,43.9,41.8,1.0,5.9,Low,2.7,40.2,1
S0532,25,Female,CSE,4,8.5,70.0,72.9,59.7,60.7,76.3,69.7,3.0,8.1,Medium,3.7,50.7,1
S0225,19,Male,ECE,1,1.3,60.6,55.7,52.5,46.1,81.2,68.9,1.9,7.5,Low,5.4,41.5,1
S0724,22,Male,IT,2,8.4,97.6,74.4,73.6,69.2,65.9,60.1,1.2,6.7,Medium,3.2,53.3,1
S0787,21,Female,Civil,4,2.9,34.3,62.5,77.4,49.1,76.1,75.0,1.7,5.9,High,1.4,33.2,0
S1718,21,Male,IT,4,6.8,86.5,91.9,65.5,91.1,74.1,75.2,4.7,7.2,High,2.5,61.9,1
S1008,22,Male,Civil,1,0.5,45.6,59.7,53.3,42.0,38.6,42.7,0.6,5.5,Low,2.4,40.5,1
S0410,18,Male,ECE,4,10.4,100.0,77.5,81.8,86.7,72.7,73.2,3.3,5.2,High,2.8,58.7,1
S0326,22,Female,AIML,1,7.5,80.2,90.6,78.9,88.8,70.5,74.2,5.5,7.0,Medium,1.6,76.8,1
S1766,20,Male,EEE,3,4.7,78.7,78.9,82.5,78.6,50.3,57.5,2.7,6.6,High,3.7,50.7,1
S0300,18,Male,ME,2,4.6,64.1,56.9,64.6,61.1,57.4,72.5,4.7,7.6,High,3.6,52.3,1
S1263,20,Male,ECE,3,4.0,90.3,71.9,66.6,56.5,76.4,69.9,5.1,8.4,Low,4.2,53.7,1
S1946,20,Male,IT,1,3.2,58.6,63.5,53.9,67.5,68.6,67.4,0.8,6.8,Low,5.4,44.9,1
S0026,22,Male,Civil,1,0.5,85.9,68.9,71.6,76.3,80.5,61.3,0.3,6.6,Medium,1.7,44.0,1
S1859,22,Male,CSE,1,7.1,64.9,47.7,80.9,65.6,71.1,68.2,1.7,5.7,Low,2.8,53.7,1
S0715,20,Male,ECE,4,0.5,69.3,47.2,54.7,66.5,57.8,67.8,1.4,6.1,Medium,4.8,31.7,0
S1010,20,Male,IT,1,5.3,49.0,44.6,78.4,48.7,48.5,67.5,1.1,7.7,Low,3.9,31.4,0
S0194,21,Female,EEE,4,4.4,73.2,74.6,64.6,72.6,61.2,67.4,0.3,7.6,High,1.8,52.6,1
S0441,18,Female,Civil,1,4.0,42.4,43.8,47.5,55.7,50.9,60.4,1.0,7.0,Low,4.2,41.9,1
S0574,21,Male,EEE,4,0.5,35.9,48.3,52.7,65.5,49.5,70.2,0.8,7.0,Low,0.5,38.9,0
S0947,19,Male,ME,1,3.4,65.1,50.0,33.7,34.2,22.2,52.3,0.3,6.3,Low,4.7,40.0,1
S0998,19,Male,IT,4,3.7,72.1,68.0,94.2,70.3,71.9,91.2,3.9,8.0,High,4.4,53.3,1
S0504,22,Female,CSE,1,0.5,61.9,43.2,53.5,51.0,66.3,68.9,1.3,5.4,Medium,2.2,41.3,1
S0606,20,Male,Civil,1,0.9,72.1,44.5,62.6,45.7,57.2,60.6,2.9,6.5,Medium,5.8,35.7,0
S1717,18,Male,CSE,1,8.8,100.0,84.1,91.3,78.7,72.2,91.1,5.7,7.1,High,3.9,76.0,1
S1164,22,Male,ECE,3,6.0,59.8,40.6,44.5,70.9,56.7,50.9,3.2,6.0,Low,3.5,42.2,1
S1787,21,Female,IT,2,4.2,93.4,75.7,71.4,67.2,73.7,78.3,0.7,6.5,Medium,3.1,46.7,1
S0847,18,Female,AIML,2,6.6,71.8,76.1,83.2,65.7,94.2,70.7,5.8,6.8,High,4.2,71.2,1
S0004,21,Male,CSE,3,5.4,67.2,82.9,76.8,77.8,86.0,80.6,2.6,5.8,High,2.8,56.7,1
S1287,18,Male,AIML,3,4.0,72.8,49.6,71.8,88.9,67.5,68.1,1.4,8.5,Medium,3.7,54.8,1
S1223,20,Male,CSE,1,2.8,60.5,53.7,45.7,67.0,46.2,71.0,1.7,6.6,Low,0.5,39.5,0
S0468,22,Male,CSE,1,3.6,90.5,61.8,66.5,59.5,47.2,51.3,0.5,6.4,Medium,3.6,54.6,1
S0322,21,Female,AIML,2,4.6,89.1,73.2,62.3,67.1,51.4,65.7,1.2,7.3,Low,5.7,55.2,1
S0006,19,Female,IT,4,9.5,87.3,91.3,61.7,67.9,50.4,63.9,3.0,6.3,High,2.8,57.0,1
S0223,18,Male,Civil,1,5.6,88.4,61.9,70.9,81.8,91.3,76.5,5.2,5.1,High,3.5,65.1,1
S1375,19,Female,ECE,1,3.4,69.6,51.0,62.2,46.5,64.7,59.1,1.6,5.9,High,3.2,40.4,1
S0548,21,Male,ME,2,0.5,51.9,56.1,61.1,50.8,54.0,64.0,1.2,7.1,Medium,4.2,35.6,0
S0229,23,Male,ECE,4,6.2,99.0,62.6,74.7,77.2,67.7,59.7,2.6,6.9,Low,4.5,45.1,1
S0040,20,Male,ECE,4,3.7,44.6,61.4,77.9,61.1,62.7,64.5,3.6,7.3,Medium,0.5,41.2,1
S0543,19,Female,CSE,4,16.1,96.3,98.0,98.5,96.0,100.0,100.0,5.5,4.0,High,3.8,85.0,1
S0243,23,Female,EEE,3,3.4,69.5,64.6,55.6,67.4,71.3,70.8,3.9,6.4,Medium,5.5,46.9,1
S0899,18,Male,CSE,2,5.6,85.5,79.8,70.2,61.3,82.9,62.7,3.7,6.5,High,2.2,55.1,1
S1134,19,Female,CSE,1,8.4,59.8,54.0,67.0,63.2,78.5,78.3,1.8,7.1,High,1.5,38.4,0
S1449,23,Female,ECE,3,4.3,80.7,58.9,67.4,71.4,59.2,76.0,3.7,7.2,High,6.2,45.8,1
S1869,19,Female,EEE,2,0.5,98.3,71.9,64.0,60.4,41.3,49.1,0.3,7.2,Medium,3.7,43.3,1
S0843,19,Female,IT,1,4.0,91.1,63.2,62.2,77.0,73.8,75.1,2.0,5.6,High,0.7,53.5,1
S1419,20,Male,ECE,1,7.4,67.2,57.8,53.2,67.1,54.9,73.5,3.2,7.4,Low,4.0,42.0,1
S1654,20,Male,IT,4,10.5,90.8,96.6,95.1,78.4,74.3,91.8,5.6,6.0,High,1.6,65.4,1
S1970,18,Male,Civil,4,9.7,86.9,73.2,100.0,73.0,72.5,75.6,3.8,8.1,High,4.0,54.7,1
S0662,25,Female,ME,2,8.0,71.7,56.5,57.5,45.1,64.5,62.2,1.8,6.8,Low,3.2,57.0,1
S1211,20,Male,AIML,2,1.0,65.9,74.6,78.9,60.7,60.3,71.0,2.1,7.6,Medium,2.8,42.6,1
S0315,22,Female,AIML,2,11.6,89.9,63.7,81.7,85.1,74.7,95.2,2.8,6.9,Medium,0.5,60.2,1
S0692,20,Female,IT,1,1.6,79.4,60.6,82.0,66.5,81.7,83.6,3.9,5.5,Medium,5.3,41.8,1
S1504,20,Male,ECE,1,3.4,58.0,44.0,49.7,55.0,42.1,63.2,2.9,6.3,Low,0.5,26.8,0
S0425,18,Male,IT,2,4.9,56.7,80.9,52.4,46.9,63.1,66.6,1.8,5.8,Medium,1.3,46.9,1
S0595,23,Male,IT,3,3.0,72.1,58.4,66.1,67.9,36.4,68.1,2.3,7.3,Low,1.5,50.3,1
S1964,20,Female,EEE,2,3.4,71.6,64.1,57.5,64.9,57.2,61.4,3.3,6.2,Medium,2.9,51.2,1
S0623,20,Male,CSE,2,1.0,48.1,26.5,44.3,42.2,42.3,42.7,0.3,7.3,Low,3.7,27.9,0
S1171,21,Female,IT,2,0.5,42.0,30.2,36.8,35.5,44.5,45.3,2.2,8.9,Medium,4.4,31.3,0
S1044,21,Male,ME,1,3.3,53.8,48.3,50.9,54.9,34.4,61.6,2.0,8.3,Medium,5.8,38.1,0
S0228,20,Female,ME,4,2.9,62.8,48.6,51.4,43.5,33.7,54.9,0.6,9.2,Low,3.3,34.6,0
S1118,23,Male,ECE,1,5.0,80.0,57.5,63.8,51.0,33.6,60.7,1.6,5.1,Low,4.9,42.4,1
S1332,21,Female,IT,4,6.4,85.2,65.9,66.4,74.3,84.9,74.2,3.1,7.3,High,3.6,51.7,1
S1316,21,Female,ECE,4,5.3,100.0,71.9,92.9,70.8,90.6,99.1,5.2,6.8,High,1.4,55.9,1
S0067,19,Male,CSE,2,4.7,44.3,67.0,44.3,50.2,40.1,62.7,3.1,5.2,Low,2.5,45.1,1
S0025,20,Male,ME,1,0.6,67.6,54.8,67.7,54.7,54.5,68.3,1.8,4.2,Low,2.6,45.0,1
S0145,19,Male,AIML,4,1.0,72.9,59.0,61.9,63.8,37.0,54.3,1.3,5.7,Low,4.1,36.4,0
S0537,22,Female,IT,3,4.4,57.9,68.3,60.3,48.8,44.8,86.2,2.0,6.2,Medium,3.7,41.4,1
S0812,22,Female,Civil,1,2.1,72.1,47.8,50.1,55.0,50.4,53.0,0.5,5.1,High,5.0,36.2,0
S1467,24,Male,EEE,4,4.2,80.4,78.3,61.7,80.3,63.9,63.0,3.0,8.4,High,7.4,48.5,1
S0086,20,Male,CSE,2,0.5,49.6,47.8,50.3,47.2,37.8,47.3,0.3,8.5,Low,5.7,30.7,0
S1661,21,Male,CSE,1,4.0,47.0,59.1,45.1,29.5,51.2,52.2,0.3,5.9,Medium,5.1,23.1,0
S1646,22,Male,IT,3,8.5,62.8,67.9,71.6,74.9,70.8,75.1,3.8,5.0,High,4.1,58.9,1
S1805,20,Male,IT,1,9.3,69.7,67.6,58.6,64.5,65.6,64.4,2.3,5.8,Medium,5.4,61.6,1
S1818,22,Female,ECE,4,2.6,61.4,53.0,37.5,52.3,51.3,74.5,1.3,8.4,Low,3.6,44.9,1
S1577,18,Male,ME,3,4.2,68.9,45.4,43.3,55.8,54.7,60.7,1.0,8.3,Medium,3.1,52.3,1
S1145,19,Male,IT,4,8.4,76.3,65.9,71.7,67.1,85.9,70.0,2.9,6.8,Medium,4.3,51.3,1
S0363,20,Male,EEE,1,2.2,72.2,50.7,58.4,45.5,49.2,48.7,2.5,7.3,Low,2.2,37.8,0
S1612,21,Male,ME,1,1.2,69.2,77.2,72.3,58.3,72.9,77.1,2.2,7.1,Medium,4.3,48.6,1
S1866,23,Male,ECE,4,7.8,79.6,73.4,79.1,64.6,90.5,79.3,2.2,5.6,Low,4.9,50.1,1
S1027,22,Female,CSE,1,1.6,45.1,47.1,74.8,58.9,19.1,71.9,0.7,5.2,Low,4.2,45.0,1
S1031,18,Male,IT,3,11.7,100.0,88.6,95.5,98.5,98.8,92.6,7.0,6.9,High,3.7,71.6,1
S1304,21,Male,Civil,4,5.0,49.2,67.2,55.7,56.1,57.6,69.4,1.3,8.0,Low,4.7,31.6,0
S1356,23,Male,IT,3,2.5,60.6,25.0,49.9,31.8,41.9,47.9,0.3,9.8,Low,5.6,34.1,0
S1731,20,Male,Civil,2,10.9,87.3,85.9,92.2,67.7,82.9,84.6,3.2,7.3,High,5.9,67.8,1
S0666,19,Male,ME,3,2.5,57.7,64.7,74.9,63.4,61.5,55.0,5.6,7.7,Low,2.3,47.5,1
S0365,23,Female,CSE,2,2.1,68.0,37.9,50.7,47.4,38.9,39.3,0.9,8.6,Low,4.3,32.3,0
S0078,18,Male,IT,3,6.9,71.0,66.0,60.5,76.7,64.5,74.8,3.5,8.7,Medium,3.3,65.0,1
S0028,20,Female,CSE,1,4.9,87.2,63.3,81.6,67.4,50.0,67.6,1.5,6.7,Low,2.3,45.8,1
S1437,20,Male,CSE,1,5.1,58.6,74.0,67.4,50.3,69.1,55.5,2.6,7.3,High,2.9,39.1,0
S0526,20,Male,IT,4,1.1,75.5,65.9,75.5,61.7,57.4,57.7,4.2,6.6,High,3.9,39.3,0
S1835,22,Male,EEE,1,3.7,60.5,40.4,48.4,56.9,54.6,64.2,0.5,7.5,Low,2.9,48.3,1
S0056,23,Female,CSE,2,1.2,30.0,34.9,40.9,39.1,64.1,63.6,0.8,6.6,Low,2.6,34.8,0
S0639,19,Female,EEE,1,4.0,52.3,70.2,59.0,61.4,59.8,68.5,1.4,8.3,Medium,4.1,38.5,0
S0303,21,Male,EEE,2,6.8,73.7,67.7,84.6,47.0,54.9,71.1,0.3,6.8,Medium,3.1,47.9,1
S0719,19,Female,IT,1,9.3,100.0,91.3,65.8,78.6,78.4,83.6,5.6,6.3,High,3.6,60.5,1
S0625,21,Male,AIML,4,8.2,62.2,51.1,58.9,49.2,53.6,75.0,3.0,6.9,Low,3.7,39.4,0
S0008,22,Female,IT,1,9.6,81.6,61.0,53.4,65.7,72.0,60.1,2.4,5.4,High,3.4,58.1,1
S0804,21,Female,CSE,2,0.5,43.0,54.9,49.1,61.9,64.4,55.9,4.2,6.3,Low,2.4,45.0,1
S1050,18,Male,ECE,2,6.3,80.5,69.0,71.3,63.2,43.5,56.9,1.3,6.3,Low,3.2,40.7,1
S0337,22,Male,ME,1,5.2,61.2,62.4,52.9,58.9,46.4,56.5,1.0,5.3,Low,2.9,48.3,1
S0048,21,Female,ECE,2,0.5,60.5,65.2,63.4,48.7,63.2,65.1,0.6,5.3,Low,3.7,42.2,1
S1764,20,Male,CSE,3,6.5,75.2,63.7,74.5,49.2,72.8,63.1,2.7,7.0,Medium,4.1,51.6,1
S0107,20,Female,AIML,2,1.7,81.8,51.7,63.2,45.1,73.1,72.1,0.7,7.0,Low,3.5,43.9,1
S0350,21,Male,ME,3,0.6,70.9,63.6,72.9,54.2,73.1,58.1,0.4,7.3,Low,3.3,28.9,0
S1080,23,Female,IT,3,8.8,76.4,58.5,50.1,68.8,49.4,67.6,3.6,7.6,High,6.8,44.4,1
S0239,21,Male,ME,4,3.3,72.1,63.8,68.3,66.7,69.1,79.5,3.0,7.9,Medium,3.7,46.1,1
S0214,19,Female,CSE,2,3.0,76.1,55.9,64.0,64.7,52.8,51.0,2.0,7.0,Medium,8.6,52.9,1
S1776,20,Female,IT,1,8.9,91.4,68.1,87.2,73.6,82.0,74.9,3.1,8.7,Medium,5.3,47.9,1
S1139,20,Male,ME,3,12.2,92.9,70.1,88.4,100.0,76.5,95.9,4.7,7.5,High,4.7,61.8,1
S0794,21,Male,IT,2,2.3,59.4,42.1,21.4,46.7,45.8,49.0,1.7,7.5,Low,3.7,44.3,1
S1587,21,Male,IT,2,4.7,76.7,72.9,51.7,68.5,73.7,68.4,4.4,8.4,High,2.4,52.9,1
S1583,21,Male,Civil,1,8.6,74.2,69.7,70.9,62.9,72.5,63.1,1.9,7.4,High,4.3,61.4,1
S1672,23,Male,IT,3,2.0,55.3,61.8,74.0,49.3,57.8,67.9,5.1,7.3,Low,6.1,46.8,1
S0524,22,Male,ME,1,4.6,61.2,42.9,61.3,48.8,52.6,61.9,2.1,8.4,Low,4.7,40.5,1
S0233,21,Female,IT,3,1.4,42.7,65.5,46.6,55.6,43.8,56.7,1.2,7.7,Low,5.0,34.1,0
S0645,18,Male,ME,1,2.4,41.6,37.3,33.4,37.2,52.3,48.4,0.3,7.2,Low,5.5,25.1,0
S1508,21,Male,IT,2,2.6,60.2,36.2,46.3,45.5,45.9,48.2,0.3,6.9,Low,3.7,30.6,0
S0534,21,Male,IT,1,0.5,54.8,47.5,65.8,50.3,45.5,50.8,0.7,6.8,Low,2.2,30.2,0
S1942,20,Female,CSE,3,7.6,100.0,85.0,75.1,71.6,69.1,82.7,0.7,6.3,High,4.7,53.7,1
S0604,18,Male,IT,4,1.1,53.3,59.8,85.0,61.7,57.7,77.1,4.1,5.0,Medium,1.9,41.0,1
S1330,20,Female,ECE,3,0.5,57.5,51.0,76.8,72.1,42.2,57.6,0.6,7.0,Medium,5.8,33.9,0
S1075,25,Female,AIML,2,4.8,77.5,50.5,77.8,59.3,54.9,77.6,4.3,7.9,High,5.2,46.4,1
S1305,21,Male,IT,1,4.4,50.8,26.1,55.8,46.0,59.1,52.4,1.5,6.9,Low,1.3,40.2,1
S0061,20,Male,IT,2,4.9,69.0,44.4,52.9,65.7,75.6,53.8,0.7,4.9,Low,3.8,46.9,1
S1264,20,Male,CSE,1,0.5,51.3,41.6,49.2,55.3,37.5,49.8,0.6,9.3,Low,2.7,25.1,0
S0093,22,Male,ECE,2,0.9,70.5,43.7,59.2,47.2,42.6,64.8,1.6,7.6,Low,2.1,39.0,0
S0667,19,Male,CSE,2,5.3,79.2,67.0,58.5,55.4,69.7,72.6,2.6,6.7,Medium,2.9,45.3,1
S0281,23,Male,CSE,4,3.9,62.4,44.9,58.4,55.4,50.4,73.9,2.3,6.9,Medium,1.6,44.6,1
S1114,21,Male,ME,1,3.0,42.5,32.0,40.2,47.1,29.4,37.6,1.7,9.2,Low,1.3,36.8,0
S0360,21,Male,CSE,3,3.1,67.6,42.2,56.3,40.3,57.3,41.0,3.1,6.9,Low,3.9,28.9,0
S1129,20,Female,IT,2,3.3,69.0,71.3,71.6,81.8,71.3,79.1,1.5,6.7,Low,1.1,45.5,1
S1170,19,Male,EEE,1,0.5,66.7,73.2,64.1,59.4,53.1,78.8,0.7,6.6,Low,4.9,41.9,1
S0848,25,Male,CSE,2,1.9,75.0,57.2,65.8,57.3,37.5,73.0,0.9,6.4,Low,3.4,31.5,0
S1522,23,Male,ECE,2,7.4,91.5,62.6,61.1,72.1,65.1,66.2,0.9,8.5,Medium,3.2,45.0,1
S0111,19,Male,ECE,4,1.1,36.4,30.0,64.3,54.1,26.5,49.1,0.3,6.5,Low,3.1,35.0,0
S0043,18,Male,ECE,2,2.6,80.4,45.5,58.7,48.4,69.0,57.6,0.8,6.6,Medium,2.7,42.3,1
S0126,20,Female,ME,4,8.6,83.5,74.4,71.4,74.6,78.1,86.4,3.1,7.1,High,5.1,60.2,1
S0205,21,Female,CSE,1,7.8,72.1,88.9,85.9,79.4,90.1,77.8,4.0,6.0,High,2.7,57.9,1
S0053,23,Male,Civil,3,2.1,56.1,55.7,36.0,30.8,34.6,40.6,0.3,8.3,Low,3.0,29.6,0
S0546,20,Male,EEE,1,3.0,94.5,70.3,74.3,72.0,56.6,73.8,3.3,7.9,High,5.4,55.1,1
S0069,18,Male,ME,1,4.9,58.8,56.2,70.8,49.9,59.0,70.4,1.1,7.2,Medium,2.4,46.8,1
S1741,22,Female,Civil,3,4.6,53.4,41.9,36.2,25.0,45.9,51.0,0.3,8.7,Low,2.9,34.3,0
S1548,21,Male,CSE,1,6.9,65.3,64.9,47.9,60.1,54.2,79.0,4.3,7.5,Medium,6.3,47.8,1
S0184,23,Male,IT,4,10.5,100.0,98.0,85.4,98.1,89.2,83.9,4.4,6.5,High,1.4,73.1,1
S0138,21,Female,IT,4,7.7,69.8,74.5,79.1,79.7,57.2,73.9,1.5,6.8,Medium,4.1,57.3,1
S0900,18,Male,AIML,2,8.6,53.9,59.6,66.9,69.6,50.4,67.5,3.3,5.7,Low,5.3,51.9,1
S0797,23,Male,CSE,4,2.9,68.8,52.6,55.0,58.9,33.4,62.3,2.1,6.1,Low,2.7,38.5,0
S0133,18,Female,ME,3,3.2,76.9,62.2,53.1,62.0,65.0,67.7,2.7,7.3,Medium,5.6,41.3,1
S0081,22,Male,ME,2,1.9,53.8,57.1,51.3,63.5,30.1,79.8,3.8,6.3,Low,5.0,40.1,1
S1987,22,Male,ECE,4,2.8,60.1,49.5,49.2,49.3,55.9,65.6,1.9,7.9,Low,3.5,46.8,1
S1541,21,Male,CSE,1,6.7,89.9,66.6,68.3,79.8,58.1,87.4,2.3,8.6,Low,0.5,41.7,1
S0542,21,Female,ECE,4,2.3,69.5,49.4,56.8,57.1,64.6,66.8,1.9,8.6,Low,4.7,48.8,1
S1669,18,Male,CSE,4,8.0,94.6,75.6,86.3,91.3,66.3,89.5,6.8,5.0,Medium,4.2,48.1,1
S0984,18,Female,Civil,4,2.5,49.8,26.6,56.2,55.5,47.2,61.5,0.3,9.3,Low,5.3,34.9,0
S0166,22,Female,IT,2,4.7,81.3,69.3,45.6,54.8,53.5,60.5,1.8,8.7,Low,3.4,45.0,1
S0249,24,Female,ECE,3,6.0,62.8,50.8,77.9,70.8,60.2,65.4,1.3,8.2,Medium,3.2,58.4,1
S0447,25,Male,CSE,4,4.0,41.3,38.8,58.7,64.7,52.2,67.5,1.8,6.6,Low,7.0,33.6,0
S1515,19,Female,CSE,3,3.6,76.6,56.5,54.5,59.5,49.3,50.0,4.1,7.2,Medium,2.5,39.6,0
S0859,21,Male,AIML,4,5.2,92.5,61.7,81.2,59.5,44.5,73.0,1.6,3.9,Medium,3.5,55.9,1
S1212,20,Female,CSE,1,4.5,48.3,54.7,65.4,44.4,63.4,64.4,0.3,9.1,High,3.5,44.1,1
S0098,20,Female,CSE,4,0.5,30.5,44.0,55.5,56.2,50.6,34.6,0.9,7.4,Low,3.6,38.6,0
S1974,20,Female,Civil,4,7.0,89.9,73.1,68.7,56.0,67.8,71.9,2.2,5.2,High,3.7,62.2,1
S0738,22,Female,IT,1,6.3,53.0,52.8,62.5,65.6,52.1,56.3,1.4,6.5,Medium,4.5,48.4,1
S1256,20,Male,ECE,3,3.0,45.6,69.4,65.6,69.9,71.4,67.8,3.7,7.7,Medium,4.4,51.9,1
S0103,20,Male,ECE,2,0.5,72.8,82.0,81.6,75.8,56.6,86.8,2.1,8.6,Medium,2.9,44.8,1
S0435,18,Female,CSE,4,4.8,100.0,75.4,72.8,76.1,80.4,70.4,3.8,5.4,Medium,0.9,56.2,1
S0075,21,Female,ME,2,6.1,88.8,55.4,85.8,52.4,64.5,61.1,2.0,6.9,High,4.8,47.6,1
S1792,22,Male,ME,1,2.6,62.1,47.8,53.8,66.4,71.2,49.7,3.8,6.2,Low,3.1,43.4,1
S1235,21,Male,ECE,2,1.5,87.1,50.2,68.8,52.1,66.4,47.7,3.2,5.3,Low,8.3,45.3,1
S0919,22,Male,EEE,3,10.1,73.3,80.0,91.7,81.0,81.1,88.6,3.9,4.4,High,4.7,65.8,1
S1712,18,Female,AIML,2,2.0,82.3,58.1,60.2,54.0,70.1,59.7,1.5,7.0,Low,3.1,53.4,1
S1671,20,Male,Civil,3,3.6,51.6,62.1,62.2,48.9,61.8,67.3,1.9,7.2,Low,5.4,32.8,0
S1621,20,Female,CSE,4,1.7,58.7,31.2,60.2,34.1,37.1,57.0,2.5,6.3,Low,3.3,35.3,0
S0763,19,Female,EEE,1,5.5,91.4,70.2,56.3,76.0,64.8,85.1,2.8,5.7,Low,1.2,53.3,1
S0990,22,Female,EEE,1,5.6,76.3,57.7,72.4,58.1,53.2,69.8,2.6,6.7,Low,2.9,51.0,1
S0389,22,Female,CSE,2,4.9,71.0,73.7,67.5,62.2,68.0,75.1,3.2,6.3,High,0.5,59.7,1
S0236,22,Female,IT,4,7.3,65.1,87.3,83.2,80.9,63.7,84.2,2.0,7.1,High,2.6,57.4,1
S1507,21,Female,ECE,2,12.7,100.0,65.7,85.8,91.4,63.4,64.4,5.4,6.3,High,0.5,53.9,1
S0268,21,Female,CSE,1,6.7,100.0,64.3,97.5,82.5,71.6,92.7,1.5,6.7,Medium,1.1,76.9,1
S1188,18,Male,IT,2,5.2,97.4,75.9,76.4,72.9,53.5,81.3,3.4,8.2,High,4.9,59.7,1
S0118,19,Female,IT,4,3.8,69.4,55.4,61.7,57.3,58.1,78.2,0.4,7.9,Low,2.4,42.6,1
S1607,18,Female,Civil,1,5.0,72.3,82.6,82.0,75.6,75.6,86.7,4.7,6.1,Medium,4.5,67.7,1
S0674,21,Male,CSE,1,6.8,75.5,55.1,71.0,58.0,68.9,73.5,1.9,7.2,Low,1.3,52.0,1
S0250,22,Male,AIML,1,3.6,67.5,71.4,70.9,76.6,78.0,73.3,3.9,6.0,High,0.5,45.0,1
S1453,22,Female,CSE,1,4.8,64.9,59.6,65.8,58.3,79.0,59.9,2.2,6.6,Low,4.1,47.2,1
S1995,22,Male,CSE,1,8.7,91.2,67.5,87.1,95.7,78.2,92.7,4.5,6.3,High,3.4,59.8,1
S0095,22,Male,IT,1,9.5,67.3,72.8,52.7,72.1,87.1,65.1,4.3,8.4,Medium,3.4,54.9,1
S0034,23,Female,AIML,1,1.7,72.1,67.6,40.8,60.5,56.3,59.8,3.8,7.9,Low,4.3,52.4,1
S1464,21,Female,IT,2,1.9,81.1,59.9,58.8,74.0,71.3,69.3,2.8,7.2,High,6.4,52.0,1
S1668,23,Male,Civil,3,5.0,50.4,71.2,69.5,73.5,71.9,77.0,4.9,8.1,High,4.3,43.4,1
S0449,20,Male,IT,1,3.4,87.0,82.6,97.7,67.4,83.3,74.0,4.8,7.8,High,2.1,60.9,1
S0717,22,Female,ME,1,7.0,70.2,78.0,83.1,71.5,94.7,91.4,2.6,7.7,High,2.1,53.5,1
S1810,18,Male,IT,1,0.5,58.7,54.7,40.9,44.2,40.8,46.8,1.0,5.1,Low,5.0,25.3,0
S1518,23,Male,EEE,1,5.8,83.4,76.0,52.6,59.2,82.9,65.6,3.5,5.4,Medium,5.6,52.3,1
S0001,20,Male,ECE,3,10.3,100.0,69.0,68.9,62.7,60.8,85.8,5.3,7.3,High,4.8,74.0,1
S1376,23,Female,EEE,1,0.5,30.0,30.5,25.9,29.7,15.0,34.1,0.3,7.5,Low,6.0,18.0,0
S1102,24,Female,ECE,1,2.4,55.7,58.7,61.3,60.0,69.2,70.0,4.4,6.4,Low,0.7,45.0,1
S1109,21,Female,EEE,4,5.5,76.3,76.4,61.3,84.7,84.8,85.1,3.6,8.0,High,1.3,53.8,1
S1227,20,Male,ECE,4,5.7,61.9,45.3,51.6,38.0,57.9,49.2,0.3,6.4,Low,5.0,35.3,0
S0083,20,Male,ME,2,4.9,72.9,69.8,64.3,70.1,60.0,63.0,4.6,7.7,High,4.5,43.1,1
S1289,18,Female,CSE,4,0.5,69.2,59.9,66.3,55.1,53.6,58.7,0.3,7.2,Low,2.7,36.9,0
S0677,18,Male,CSE,3,9.9,100.0,88.9,80.4,73.6,90.0,94.8,2.8,6.2,High,1.8,60.2,1
S1921,21,Female,CSE,3,8.4,90.8,51.5,80.3,77.2,92.5,72.6,3.1,7.4,Medium,3.2,47.2,1
S1047,19,Male,ECE,3,0.5,79.2,56.8,63.3,51.2,71.1,53.4,0.3,5.6,Low,1.3,39.2,0
S0771,18,Male,CSE,1,3.3,41.0,30.8,58.2,55.9,58.2,43.7,2.0,7.7,Low,6.6,46.2,1
S1947,20,Female,IT,3,14.1,100.0,98.0,93.5,99.9,98.0,100.0,6.9,3.7,High,2.4,77.0,1
S1281,21,Male,AIML,3,0.5,66.0,48.8,66.9,66.6,66.0,71.3,2.4,8.9,Low,4.2,46.2,1
S1581,19,Male,CSE,3,9.8,83.1,68.9,85.0,90.3,86.2,72.0,3.0,6.7,High,5.2,52.5,1
S1489,20,Male,ME,3,3.0,53.2,71.9,61.8,73.3,71.9,59.7,3.9,7.6,High,3.3,52.5,1
S0405,20,Female,AIML,1,2.3,67.5,59.5,71.0,79.3,59.6,53.0,2.5,5.4,Medium,6.0,41.8,1
S1728,25,Male,CSE,2,8.7,85.3,63.3,57.9,60.9,60.8,73.3,4.2,7.9,Low,1.2,49.6,1
S1299,21,Male,IT,2,2.3,46.3,41.5,64.5,60.2,63.6,59.4,2.4,8.0,High,2.6,38.4,0
S1341,19,Female,EEE,4,0.5,86.3,59.6,65.1,45.2,57.8,66.3,1.1,6.0,Low,3.2,41.0,1
S0105,23,Female,IT,1,6.8,72.6,80.4,52.6,75.0,57.7,62.6,2.7,7.8,Medium,5.2,53.4,1
S0689,22,Male,ECE,3,5.6,77.8,85.1,86.8,82.3,54.8,77.8,4.7,6.4,High,1.3,59.9,1
S1306,23,Male,ECE,4,6.2,67.3,58.6,60.6,62.7,56.7,69.2,2.6,9.1,High,3.0,54.2,1
S0827,20,Female,ME,1,1.9,65.2,70.6,66.9,60.5,58.8,66.3,2.2,6.1,Medium,3.7,56.5,1
S0063,22,Female,EEE,2,10.0,76.4,89.0,84.0,80.2,71.4,75.8,2.4,7.9,High,2.0,61.6,1
S0853,19,Male,EEE,4,0.5,53.9,55.3,70.9,58.6,63.7,59.7,0.5,5.9,Medium,0.7,37.1,0
S1354,22,Male,ECE,3,3.2,59.0,70.4,65.5,59.3,46.1,62.8,2.0,6.9,Low,4.5,45.2,1
S0224,20,Male,EEE,2,7.1,74.3,57.2,55.7,56.9,50.5,91.9,4.3,7.1,Medium,3.2,37.6,0
S0146,18,Female,ME,1,0.7,52.8,76.9,59.7,64.0,34.2,64.9,0.7,6.8,Low,4.6,34.2,0
S1089,25,Female,ECE,2,8.8,69.4,78.6,72.2,98.3,88.3,95.1,3.0,9.1,High,3.4,47.2,1
S0374,21,Male,IT,4,7.6,74.7,81.2,72.3,73.2,80.4,81.6,5.6,8.8,Medium,4.6,72.6,1
S1421,20,Female,CSE,1,4.1,69.3,66.1,59.6,68.2,65.5,73.3,1.2,5.4,Medium,1.6,43.2,1
S1143,21,Female,ECE,4,8.5,32.6,52.8,50.5,40.2,55.2,69.3,0.3,7.9,Low,3.4,38.2,0
S1827,18,Male,ME,4,5.1,85.1,62.1,65.2,74.8,56.6,79.8,3.9,4.2,Low,2.8,44.0,1
S1495,21,Female,ECE,4,0.6,31.7,45.1,42.7,44.5,39.4,59.6,0.3,8.6,Low,4.9,34.0,0
S1602,20,Female,IT,1,0.5,45.2,47.4,43.5,53.3,40.3,52.0,1.7,4.6,Low,4.0,38.5,0
S1271,21,Male,CSE,2,3.5,58.9,50.3,56.6,60.0,39.8,55.1,1.9,6.6,Medium,3.9,41.3,1
S0010,21,Male,CSE,1,8.8,79.8,98.0,63.7,77.5,63.8,84.7,3.0,7.2,Medium,0.8,57.1,1
S0450,18,Male,EEE,3,8.4,77.1,57.9,67.6,54.5,34.1,78.4,1.2,6.1,High,3.8,48.7,1
S0709,19,Male,Civil,3,8.2,78.2,69.9,65.5,53.7,67.0,70.1,2.2,6.2,Medium,2.2,42.7,1
S0256,21,Female,ME,3,7.4,81.9,96.8,62.9,74.5,78.2,80.9,5.3,7.0,Medium,3.2,63.1,1
S0883,18,Male,EEE,2,3.8,66.5,62.0,83.6,58.4,74.0,74.3,2.0,7.2,High,4.3,47.9,1
S0390,22,Female,CSE,3,3.4,74.9,55.7,59.8,48.3,49.4,63.9,1.7,6.8,Low,4.3,38.2,0
S0909,19,Male,EEE,4,12.8,100.0,80.7,86.5,91.6,79.3,92.7,6.3,6.6,High,4.8,57.6,1
S0925,20,Male,CSE,3,5.0,100.0,57.8,51.4,61.7,48.6,51.7,2.9,8.4,High,5.7,56.1,1
S1704,20,Female,CSE,2,4.9,81.2,63.5,70.2,64.4,61.9,67.7,5.3,6.8,High,4.6,44.2,1
S1233,19,Male,ME,1,4.6,78.3,63.5,49.3,48.7,57.9,54.2,1.2,7.4,High,3.2,42.5,1
S0461,18,Female,IT,1,4.0,71.4,56.2,67.2,56.6,75.8,64.0,0.3,6.9,High,3.5,44.9,1
S1270,19,Female,IT,2,2.2,69.1,58.3,61.3,60.5,70.8,65.0,4.6,6.9,High,5.4,45.4,1
S1760,21,Female,IT,1,3.4,56.6,67.1,61.8,60.9,72.0,58.9,4.2,6.6,Medium,5.0,58.7,1
S1169,18,Female,CSE,1,9.0,100.0,79.0,72.4,65.2,87.8,86.1,4.1,6.8,High,3.6,71.2,1
S0959,19,Male,CSE,3,11.1,88.6,71.5,83.4,75.6,74.3,100.0,3.8,4.7,High,2.3,58.1,1
S0502,21,Female,ECE,1,9.1,92.6,90.5,79.7,92.1,76.6,77.4,4.4,7.2,High,4.7,63.4,1
S0740,20,Male,ME,4,2.6,52.3,60.3,62.7,47.0,49.0,67.3,0.3,6.3,Low,3.5,41.9,1
S1850,21,Male,ECE,1,2.9,62.1,48.2,64.4,42.4,39.9,75.0,3.1,6.0,Medium,4.3,45.9,1
S0869,22,Male,ME,3,1.2,77.8,46.8,52.3,55.8,60.2,74.5,1.5,7.4,Medium,2.3,47.4,1
S0732,22,Male,CSE,1,5.5,73.1,39.6,39.0,32.3,35.4,61.6,3.3,6.8,Medium,4.8,42.0,1
S0540,19,Female,CSE,3,0.5,50.6,62.1,68.7,56.8,63.9,67.4,1.9,8.1,Low,3.5,41.7,1
S1202,18,Male,AIML,1,6.4,89.6,55.1,75.9,71.8,53.8,65.9,4.0,7.9,High,2.9,49.3,1
S0698,21,Male,ECE,2,2.7,73.1,75.4,73.6,67.6,42.5,83.1,2.6,6.8,Medium,1.6,53.4,1
S1393,19,Female,Civil,4,4.2,72.9,69.0,80.1,64.9,76.6,84.4,2.7,6.0,High,6.2,44.2,1
S1377,20,Female,ECE,2,6.6,49.2,56.4,65.8,56.6,70.4,45.8,0.5,7.9,High,1.5,36.5,0
S1146,23,Male,Civil,3,1.4,76.9,51.7,58.9,49.8,53.1,66.9,0.3,9.9,High,2.8,36.7,0
S1032,21,Male,ECE,2,14.1,100.0,89.0,85.1,73.4,56.1,86.7,2.2,8.0,High,3.2,66.9,1
S0373,18,Female,CSE,4,3.1,64.0,72.1,75.8,58.1,85.8,71.8,2.9,5.7,High,5.3,52.9,1
S0668,19,Female,Civil,3,7.4,88.1,87.2,81.1,65.9,81.1,80.8,4.1,7.5,High,1.8,54.9,1
S1526,19,Male,CSE,3,3.5,69.3,54.7,70.3,54.0,48.4,70.4,1.7,5.5,High,4.8,45.7,1
S0358,21,Male,ME,2,7.1,60.3,68.0,79.6,64.5,86.9,59.0,2.9,8.7,Medium,2.8,51.0,1
S0968,19,Female,EEE,2,2.9,78.1,48.2,58.0,55.3,60.8,66.7,0.3,6.4,Low,3.4,38.8,0
S0784,20,Female,IT,2,0.5,46.3,32.0,46.7,50.8,34.3,42.9,0.3,7.9,Low,3.7,40.4,1
S0736,23,Female,CSE,3,1.0,66.4,63.0,49.2,56.3,47.7,57.2,0.3,6.3,Medium,2.3,33.1,0
S1036,21,Male,IT,4,0.5,41.7,38.5,28.1,53.4,64.7,52.5,0.7,7.9,Low,6.8,32.7,0
S0971,21,Male,ECE,1,10.3,73.5,65.8,79.3,81.8,73.8,68.5,3.5,8.7,Medium,1.7,69.3,1
S1525,20,Male,ECE,2,7.5,93.1,47.0,60.0,52.5,56.1,77.3,0.8,6.4,High,4.9,48.2,1
S1487,20,Male,CSE,2,6.7,92.2,48.2,54.2,42.1,70.2,66.0,0.7,8.0,Medium,0.9,49.6,1
S1524,18,Male,ECE,3,10.9,96.7,64.3,86.5,83.6,90.4,82.2,1.8,5.3,High,0.5,72.4,1
S1491,19,Male,CSE,1,4.8,81.4,52.6,48.0,63.0,46.2,49.5,0.3,7.3,Low,5.6,44.4,1
S1643,21,Male,IT,2,3.6,100.0,66.6,85.8,84.2,57.5,92.6,3.5,7.3,High,4.3,54.3,1
S1253,18,Female,ME,1,3.1,87.9,70.2,65.5,61.0,67.7,74.6,4.5,7.8,Medium,3.8,39.2,0
S1694,19,Male,ME,3,11.6,83.2,98.0,100.0,91.8,100.0,100.0,5.5,6.1,High,2.0,81.5,1
S1750,19,Female,ME,3,0.5,72.3,53.4,51.2,47.8,49.0,55.0,0.7,10.1,Medium,4.2,37.9,0
S1237,22,Male,ME,3,0.5,71.3,41.8,61.5,53.9,57.1,54.1,1.3,7.4,Medium,1.0,26.7,0
S0886,19,Female,Civil,4,12.8,100.0,94.1,84.8,100.0,100.0,98.0,5.7,7.1,High,4.2,70.8,1
S0080,18,Female,CSE,2,7.3,67.1,47.1,52.1,46.0,21.3,53.8,0.3,8.1,Low,5.6,43.1,1
S1173,21,Male,CSE,2,0.8,64.8,42.6,72.0,61.4,41.2,62.3,1.1,6.2,Low,3.3,33.5,0
S0815,22,Female,EEE,2,13.4,98.8,98.0,79.9,82.5,89.3,84.3,4.0,5.9,High,5.8,58.6,1
S1286,20,Male,ME,2,7.8,69.6,78.9,77.8,66.1,70.2,75.8,4.0,7.7,High,4.0,57.8,1
S0672,23,Male,Civil,4,8.2,92.4,90.1,70.5,72.2,82.6,89.6,3.3,5.3,High,2.7,56.3,1
S1532,21,Female,CSE,1,6.7,47.9,56.3,65.8,58.8,50.0,72.9,0.5,6.2,High,2.6,42.2,1
S0058,19,Male,CSE,2,1.6,55.6,38.2,57.6,62.9,34.0,63.4,0.3,8.6,Low,3.0,30.6,0
S0134,20,Male,ME,1,3.4,70.4,60.1,63.8,53.0,57.1,67.0,4.6,7.8,Low,2.9,44.7,1
S1141,22,Male,ECE,4,5.2,66.0,55.4,66.1,71.7,62.4,77.3,4.3,7.2,Medium,1.5,47.3,1
S0934,21,Female,ECE,1,10.0,89.8,67.9,75.8,90.6,71.8,67.1,4.1,6.8,Medium,4.7,50.5,1
S1685,19,Female,CSE,1,5.6,75.7,62.5,79.1,56.5,69.6,75.5,1.5,9.0,Medium,3.0,49.9,1
S0824,20,Male,IT,4,0.5,60.5,38.4,46.5,30.7,50.7,30.2,0.3,6.4,Low,3.8,40.6,1
S1215,21,Male,IT,1,10.2,89.4,98.0,88.1,88.7,97.5,96.6,3.8,7.6,High,3.2,67.1,1
S0505,21,Male,ECE,1,2.1,53.6,43.4,75.6,68.6,51.4,57.3,1.3,7.1,Medium,5.6,40.5,1
S1775,22,Female,CSE,2,3.5,70.9,56.0,57.4,75.0,56.2,65.2,3.0,5.3,Low,1.6,43.0,1
S0348,18,Male,ECE,4,8.7,54.6,55.5,70.3,66.0,62.9,82.4,2.5,5.5,High,3.8,44.1,1
S0387,19,Male,AIML,3,3.5,66.7,58.5,48.4,41.3,45.0,38.4,1.7,3.9,Low,0.5,34.0,0
S1025,23,Male,AIML,3,1.7,87.9,71.1,74.7,81.6,72.2,67.0,3.2,5.6,High,2.4,41.4,1
S0895,21,Male,IT,2,9.2,52.5,82.7,82.4,77.0,48.9,81.5,3.4,6.3,Low,3.8,50.8,1
S0829,22,Male,IT,3,4.6,50.6,73.0,60.9,49.4,49.8,87.0,1.6,9.2,Medium,5.7,58.4,1
S1893,22,Female,ECE,4,2.2,82.5,61.4,71.0,80.7,56.7,65.7,4.7,7.6,High,4.2,52.4,1
S0476,25,Female,ECE,4,8.7,71.9,77.5,75.0,76.3,35.6,73.6,1.4,7.4,High,4.5,37.9,0
S1471,21,Male,ME,4,3.8,76.0,46.4,47.4,47.9,49.1,67.5,0.9,6.0,Medium,3.4,40.6,1
S1448,22,Female,ME,1,9.7,67.2,91.5,87.3,83.6,92.3,91.8,3.3,5.9,High,3.6,65.4,1
S1582,20,Female,IT,2,9.6,72.4,66.3,69.5,76.6,62.4,58.4,3.6,7.8,Low,3.7,56.5,1
S0653,21,Male,ECE,2,5.0,51.3,47.5,62.3,52.2,45.9,54.2,1.7,5.4,Low,2.8,47.1,1
S0173,20,Male,ECE,1,1.3,54.8,43.5,34.9,51.0,45.9,45.0,0.3,5.8,Medium,3.5,30.1,0
S1150,22,Male,CSE,3,6.3,66.6,72.9,79.0,72.9,79.6,95.0,3.4,7.8,Low,2.9,49.6,1
S0039,21,Male,ME,1,1.6,55.0,51.7,53.5,54.6,21.5,59.3,3.0,6.6,Low,2.6,28.8,0
S0714,20,Male,EEE,4,2.5,77.9,59.5,81.8,72.9,75.2,59.5,4.0,6.3,Medium,2.1,49.5,1
S0091,18,Female,EEE,2,4.3,67.1,56.5,61.3,32.1,32.5,44.9,0.3,8.1,Low,2.6,30.9,0
S1937,19,Male,ME,2,11.2,100.0,70.5,82.0,86.9,79.0,66.6,5.6,8.5,High,3.9,71.2,1
S1206,22,Female,IT,1,2.5,58.1,59.5,52.9,64.7,57.6,75.8,1.0,9.5,Low,6.0,45.9,1
S0876,19,Male,ME,2,7.5,72.6,45.7,31.2,64.2,52.4,54.6,1.8,5.8,Low,2.1,47.3,1
S1352,21,Male,AIML,1,5.4,99.6,82.9,59.1,69.6,64.8,61.6,3.4,6.3,Medium,4.2,46.8,1
S1890,25,Male,ECE,2,4.3,81.0,55.3,58.0,59.3,55.4,78.3,0.3,5.4,Low,3.9,46.9,1
S1094,20,Female,CSE,1,0.5,41.0,45.5,37.2,27.1,39.6,49.7,0.3,4.4,Low,4.8,33.2,0
S1156,22,Female,IT,4,6.7,91.9,73.3,56.4,76.2,74.0,78.1,3.0,6.9,High,2.5,52.3,1
S1782,23,Male,IT,1,5.1,80.6,87.2,77.8,83.3,69.4,77.9,4.6,7.7,Low,2.4,53.0,1
S1959,21,Male,EEE,1,1.8,40.5,56.6,62.0,59.7,59.6,54.5,3.7,7.1,Low,2.7,41.1,1
S0500,25,Male,IT,4,0.5,67.8,40.8,55.3,65.6,46.8,58.2,2.1,6.2,Low,2.4,42.4,1
S0339,20,Male,IT,2,0.5,62.4,63.3,53.6,58.5,31.3,49.8,3.5,6.3,Medium,5.0,45.6,1
S1189,20,Female,AIML,2,2.1,58.2,61.4,45.5,87.5,52.3,65.0,0.6,7.7,Medium,4.9,27.9,0
S0029,21,Male,EEE,3,5.8,77.7,78.2,90.7,78.2,64.3,73.3,4.3,9.9,High,4.3,44.1,1
S1218,21,Male,EEE,3,5.0,76.4,68.1,65.8,71.9,61.3,90.0,3.3,5.5,Medium,2.9,44.9,1
S1400,21,Female,Civil,1,0.5,66.8,52.5,53.7,60.0,50.2,50.4,1.5,9.3,Low,4.0,38.3,0
S1821,19,Male,Civil,2,8.1,80.7,74.7,63.0,84.3,73.5,64.1,3.6,8.4,High,4.2,56.4,1
S0946,18,Male,AIML,3,4.4,70.9,54.3,65.5,70.4,63.3,65.3,0.7,7.4,Low,4.3,43.0,1
S0170,21,Male,CSE,1,1.4,69.4,72.7,66.0,51.8,53.7,64.0,1.5,6.8,Low,5.9,51.5,1
S1405,21,Female,IT,2,4.9,81.0,97.5,88.1,82.0,91.8,75.2,2.8,5.0,High,4.4,61.2,1
S1198,24,Female,CSE,3,3.9,64.2,75.7,68.0,76.2,47.5,67.0,1.9,6.9,Low,6.6,52.4,1
S1254,19,Male,CSE,4,4.4,81.8,84.5,74.7,53.0,75.4,65.7,1.3,6.5,Medium,3.9,51.0,1
S1614,20,Female,CSE,2,3.8,75.4,65.6,74.7,63.7,71.5,58.5,2.9,7.9,Medium,7.2,52.2,1
S0913,21,Female,ECE,1,3.4,78.8,57.6,89.8,68.9,81.3,75.9,2.8,8.5,Medium,2.8,40.7,1
S0492,21,Male,ME,2,2.5,70.5,52.6,76.7,66.2,58.5,78.2,0.3,6.9,Low,3.8,33.2,0
S0954,23,Male,ME,1,8.6,100.0,82.4,94.1,76.1,80.8,93.0,4.2,7.6,High,4.8,67.8,1
S1098,19,Male,IT,1,11.0,85.6,86.5,86.9,78.3,84.6,69.9,3.0,5.6,High,0.5,72.2,1
S1033,19,Female,ECE,3,7.9,56.4,70.7,57.1,81.8,53.4,70.3,0.3,7.4,Medium,3.0,45.8,1
S0588,19,Female,CSE,1,3.0,79.2,59.4,73.8,80.5,68.0,71.5,1.5,5.7,Medium,3.6,46.9,1
S0751,18,Male,IT,2,7.9,89.6,76.0,100.0,74.9,80.5,83.4,2.4,6.6,High,3.7,66.1,1
S0658,20,Female,ECE,2,1.9,74.9,61.6,75.1,56.3,67.3,50.9,2.8,8.5,High,3.0,49.8,1
S0235,19,Female,CSE,2,4.3,74.9,56.4,49.5,43.0,47.0,46.2,1.5,7.0,Low,4.1,25.4,0
S0733,21,Male,EEE,4,13.8,79.8,83.6,85.6,87.0,94.6,73.0,3.0,5.7,Medium,4.5,66.0,1
S1989,20,Male,ME,4,1.1,64.9,52.9,69.9,54.4,63.2,64.0,1.3,5.9,Low,4.7,39.0,0
S1633,21,Male,CSE,2,4.9,64.8,61.1,68.3,73.0,65.5,61.8,2.9,7.9,Low,3.1,43.5,1
S1157,19,Female,CSE,2,5.2,55.0,64.4,60.7,67.9,47.7,62.4,0.7,6.8,High,2.2,49.9,1
S1470,22,Male,IT,2,0.5,79.0,62.9,63.9,56.5,56.9,67.0,1.8,7.2,Medium,5.1,46.4,1
S1425,25,Female,ECE,2,3.1,63.5,46.3,56.1,57.7,50.9,48.8,2.5,7.4,Low,4.2,40.5,1
S1628,21,Female,IT,2,1.1,43.4,48.6,43.6,59.7,53.1,52.6,0.3,7.3,Low,3.2,34.5,0
S0935,19,Female,ECE,4,0.5,51.8,64.5,48.5,55.2,66.0,56.8,4.8,6.7,Medium,4.9,39.6,0
S1210,25,Female,CSE,4,9.4,100.0,85.1,100.0,79.7,90.7,100.0,7.3,6.9,High,1.7,59.8,1
S1066,22,Male,CSE,3,0.5,88.7,68.9,68.1,60.7,52.3,56.6,0.6,6.1,Low,2.6,47.8,1
S0109,19,Male,Civil,1,9.8,77.3,67.4,84.1,78.7,76.7,76.7,3.2,7.9,Medium,6.8,54.4,1
S1543,21,Male,Civil,3,13.1,92.0,79.8,65.7,75.6,82.5,78.8,5.5,7.4,High,2.5,65.7,1
S0569,23,Female,CSE,2,6.3,93.8,77.8,61.7,78.4,57.6,77.8,3.2,5.4,Medium,4.2,54.6,1
S1168,20,Male,CSE,2,7.4,81.1,70.2,81.7,75.6,58.4,79.2,1.9,5.5,Medium,1.7,45.0,1
S1175,21,Male,ECE,1,0.5,60.3,36.3,20.3,50.1,22.9,47.0,0.3,8.9,Low,4.8,24.3,0
S0891,22,Male,IT,2,3.3,67.4,67.5,69.1,58.9,75.0,73.9,2.3,6.9,Low,3.9,61.1,1
S0948,23,Male,EEE,1,0.5,51.0,28.8,58.1,67.0,45.8,44.2,0.3,7.2,Low,4.7,37.4,0
S1049,23,Male,IT,1,0.5,43.6,54.0,42.1,52.8,50.2,74.8,0.7,7.3,Low,2.8,25.9,0
S1353,20,Female,IT,2,8.6,57.4,80.9,93.6,79.4,56.0,79.1,3.5,6.5,Medium,4.5,57.6,1
S1778,20,Female,CSE,4,9.7,97.4,71.0,83.0,77.2,74.6,95.0,3.3,7.4,High,2.3,66.5,1
S1447,21,Female,IT,3,12.1,84.7,66.3,88.3,56.8,83.7,82.3,4.4,7.7,Medium,3.6,69.7,1
S0885,22,Male,CSE,4,0.5,60.3,25.0,41.7,38.3,48.4,58.6,1.3,6.3,Low,8.1,30.0,0
S1673,22,Female,ME,4,5.6,64.3,77.7,65.5,55.3,79.2,66.4,2.5,6.8,High,0.8,51.1,1
S0851,18,Female,AIML,1,0.5,45.6,60.6,42.3,49.5,47.6,50.7,0.3,8.0,Low,4.0,36.6,0
S0735,20,Female,IT,1,5.7,51.7,42.9,49.4,56.3,55.9,64.9,0.5,5.3,Low,4.3,44.5,1
S0718,24,Female,AIML,2,4.3,89.7,69.7,68.1,75.1,72.9,57.5,2.1,5.3,High,1.7,43.6,1
S0455,18,Female,Civil,4,6.7,74.3,63.0,80.5,77.8,62.7,54.9,3.4,7.6,Medium,1.5,47.7,1
S0265,23,Female,ME,4,9.7,100.0,93.3,76.4,80.1,86.7,67.4,3.2,7.7,High,4.5,60.5,1
S0076,22,Female,ECE,1,0.5,83.1,55.5,64.9,60.2,44.4,62.5,4.8,5.8,Medium,3.7,45.7,1
S1658,20,Male,Civil,3,4.0,81.3,61.9,46.8,64.8,45.2,74.0,1.0,5.8,Medium,4.2,46.0,1
S0445,22,Male,IT,3,7.4,58.2,49.7,65.9,56.2,36.9,66.3,2.0,6.5,Low,1.5,45.1,1
S0396,23,Male,Civil,2,7.2,100.0,65.1,79.4,83.9,88.4,74.0,2.7,6.1,High,2.8,73.2,1
S0177,21,Male,ECE,3,5.5,93.8,79.8,73.7,60.2,36.7,66.9,1.1,6.8,High,6.0,58.5,1
S1043,20,Male,CSE,3,4.0,68.0,57.4,57.7,68.1,49.7,58.3,1.2,9.2,Low,2.7,41.5,1
S1736,23,Male,ME,3,0.5,30.0,41.9,54.7,49.9,44.8,56.4,0.7,6.3,Low,5.7,28.5,0
S1402,19,Male,AIML,3,5.3,100.0,76.0,86.8,76.7,91.7,92.1,3.6,6.1,High,3.0,57.8,1
S1381,19,Male,CSE,2,2.5,94.8,69.1,75.9,55.3,63.3,52.5,2.9,6.3,Medium,3.9,48.4,1
S0596,20,Female,ME,2,1.6,49.6,51.1,64.5,50.0,48.6,48.9,0.3,8.3,Low,3.4,25.9,0
S0062,19,Male,CSE,2,5.2,64.0,68.0,51.2,98.5,66.1,66.3,1.3,7.7,High,3.5,45.0,1
S1297,19,Female,ECE,1,10.6,76.3,81.1,66.5,82.4,83.8,79.8,4.8,5.2,High,2.1,64.3,1
S0873,21,Female,CSE,3,9.7,97.1,90.8,74.9,70.1,73.2,80.9,6.7,6.2,High,6.2,65.3,1
S1490,20,Male,AIML,4,4.0,82.0,55.7,60.2,50.6,65.1,60.7,0.3,5.7,Medium,3.1,24.9,0
S1879,19,Female,ECE,3,0.5,33.1,25.0,20.9,25.0,15.0,34.2,0.3,6.7,Low,3.8,18.0,0
S0279,21,Female,CSE,4,5.0,54.4,60.8,63.1,65.7,55.9,59.2,1.9,7.9,Medium,3.0,41.8,1
S0037,20,Male,AIML,3,6.4,66.8,66.1,65.6,85.1,82.8,62.0,1.3,6.1,Medium,3.2,55.8,1
S1976,23,Female,AIML,1,4.0,84.9,76.7,74.6,66.6,83.8,75.4,2.8,6.5,Medium,2.5,47.8,1
S0663,21,Male,ECE,2,1.6,78.1,71.5,64.9,72.9,73.1,70.1,2.7,4.9,Medium,6.1,49.1,1
S1954,22,Male,ME,1,7.4,79.9,69.4,100.0,74.1,79.8,78.6,3.7,7.2,Medium,3.2,54.7,1
S1445,22,Female,CSE,2,2.3,94.5,80.4,100.0,71.7,73.4,87.4,5.9,6.9,High,4.2,65.4,1
S0978,18,Male,CSE,4,6.7,68.5,70.2,73.0,73.9,71.2,74.5,3.5,8.0,High,2.0,54.0,1
S1572,19,Male,CSE,3,2.1,50.0,63.8,70.3,52.9,51.4,68.0,1.5,6.5,Low,5.7,57.3,1
S0739,20,Female,IT,1,4.4,74.6,74.9,72.6,83.8,69.7,73.0,2.7,7.2,Medium,4.9,44.4,1
S0192,23,Female,Civil,3,2.8,71.1,66.6,70.1,59.6,67.7,79.8,3.9,4.7,High,1.5,48.2,1
S0920,19,Male,IT,2,2.9,41.2,31.7,48.3,40.6,40.0,46.2,1.2,8.5,Low,4.9,32.3,0
S0457,18,Male,ME,3,11.2,100.0,91.3,95.7,83.9,100.0,78.9,3.8,5.2,High,2.1,76.3,1
S0676,25,Male,Civil,4,4.3,76.4,75.6,77.3,87.2,76.3,76.8,4.0,7.4,High,4.5,49.9,1
S0761,19,Male,ECE,2,4.3,40.2,57.4,52.6,56.9,46.6,45.0,2.2,5.9,Low,4.4,46.6,1
S1808,19,Male,AIML,4,0.5,72.7,80.2,60.6,64.5,79.0,82.2,2.8,8.2,High,2.2,43.6,1
S1603,19,Male,CSE,3,3.8,82.2,86.2,83.5,81.0,72.6,90.8,1.9,5.6,High,0.8,62.2,1
S0729,19,Male,EEE,4,2.8,47.8,45.2,50.4,68.7,45.5,72.7,0.3,5.4,Low,6.0,48.2,1
S0413,24,Male,ME,4,0.5,45.3,47.4,34.1,43.5,34.8,46.5,0.3,6.0,Low,2.9,24.2,0
S1099,22,Male,IT,1,0.7,62.4,61.2,64.4,63.6,54.4,64.7,1.7,8.3,Low,5.8,37.3,0
S0826,23,Female,CSE,4,5.1,65.4,63.8,74.1,64.5,60.0,62.6,3.4,8.5,Medium,3.9,46.0,1
S1640,23,Male,CSE,1,3.2,85.7,83.0,61.2,71.6,77.5,80.3,4.0,6.8,Medium,5.8,40.3,1
S0617,18,Male,EEE,1,6.9,79.7,70.3,82.2,66.2,82.5,84.0,4.3,5.9,High,5.2,58.6,1
S0115,21,Female,ME,1,0.5,73.1,45.7,65.8,65.3,50.4,58.9,0.3,6.1,Low,4.7,31.7,0
S0418,20,Male,CSE,4,4.5,84.9,67.0,82.5,67.5,68.5,80.6,4.0,6.9,Medium,2.9,49.0,1
S1911,20,Male,IT,4,5.8,72.1,58.8,64.1,53.5,46.8,66.5,3.0,7.0,Low,5.1,39.9,0
S0970,20,Male,IT,2,4.9,68.3,77.6,71.7,81.2,60.4,58.5,2.6,7.8,High,5.3,42.1,1
S0605,19,Male,EEE,2,1.8,47.2,54.5,54.8,38.6,48.8,75.4,1.5,5.7,Medium,5.4,38.4,0
S1919,20,Female,IT,1,2.8,59.4,53.4,52.2,59.0,20.6,34.3,0.4,8.7,Low,3.7,30.6,0
S0090,20,Male,CSE,1,10.3,87.8,61.9,69.8,74.5,44.4,52.5,3.8,7.0,Medium,4.2,53.9,1
S0849,20,Female,EEE,3,8.4,79.3,77.9,67.5,72.2,64.2,61.3,3.9,7.5,Medium,3.8,55.2,1
S1520,23,Male,ME,1,11.0,63.9,77.6,52.0,71.3,62.0,88.6,4.3,8.9,High,2.1,64.0,1
S1918,21,Male,ME,1,5.2,57.7,50.4,53.9,59.9,34.7,57.8,1.3,6.7,Low,5.9,35.2,0
S0754,20,Male,ECE,1,0.6,41.6,34.3,63.7,63.5,58.2,49.8,0.3,7.0,Low,7.8,42.7,1
S0499,24,Female,IT,1,6.5,53.2,43.3,75.0,51.0,35.9,58.6,0.9,7.4,Low,2.2,46.0,1
S1277,19,Female,CSE,2,0.5,81.1,46.0,49.1,66.2,53.4,55.9,1.8,7.6,Low,5.7,50.4,1
S1326,20,Female,ECE,1,9.5,69.8,91.0,99.4,68.7,56.7,74.6,3.6,7.3,Low,4.9,65.2,1
S0012,24,Male,IT,4,3.0,89.8,63.2,74.2,73.3,67.4,67.6,2.7,8.5,Medium,1.6,56.1,1
S0397,22,Male,IT,2,0.5,65.2,47.4,62.6,46.3,52.1,65.4,2.3,8.6,Low,3.7,39.0,0
S0285,21,Male,ECE,1,11.8,99.9,98.0,75.7,98.9,56.9,78.1,5.5,6.4,High,5.2,80.9,1
S1067,19,Male,ECE,1,1.2,39.8,55.1,37.8,65.6,53.4,38.1,0.5,6.5,Medium,4.4,36.1,0
S1192,21,Female,ME,2,4.6,88.9,66.6,56.6,65.5,75.5,69.1,0.3,5.9,Low,1.0,55.2,1
S1745,20,Male,CSE,2,2.5,73.0,58.9,51.8,50.7,46.2,44.3,0.4,6.7,Medium,5.5,45.6,1
S0691,20,Male,IT,4,10.3,75.6,73.9,65.4,78.1,76.8,73.1,3.7,6.4,High,1.7,57.3,1
S1753,18,Male,CSE,1,3.3,63.4,46.1,63.9,63.2,61.7,67.2,2.1,8.7,Medium,5.0,46.9,1
S1876,21,Male,CSE,3,3.8,79.0,87.8,89.3,80.3,86.3,100.0,6.3,5.3,Medium,7.4,48.7,1
S0690,19,Male,AIML,1,5.6,93.7,83.5,89.6,89.8,68.7,86.1,4.6,5.7,Medium,5.4,61.5,1
S0852,22,Male,IT,4,9.7,47.7,76.8,92.4,84.9,56.7,87.0,4.0,6.6,Medium,4.9,58.2,1
S0160,22,Female,ECE,4,7.2,43.9,27.0,59.6,47.1,22.7,49.4,1.4,7.0,Low,3.7,42.9,1
S0896,19,Female,CSE,4,6.1,93.9,74.4,80.0,84.4,62.2,61.6,2.1,6.8,High,4.6,41.1,1
S1576,18,Male,CSE,1,5.6,72.0,55.0,74.3,74.9,72.0,70.8,2.5,7.1,Medium,6.2,59.1,1
S0258,21,Male,ECE,3,4.5,100.0,91.7,72.4,80.6,80.4,79.3,3.6,6.8,High,4.3,71.1,1
S0336,18,Male,CSE,3,3.8,40.8,35.7,42.7,49.9,62.2,60.4,0.4,5.7,Low,3.7,31.9,0
S1880,21,Male,ECE,1,9.5,79.5,68.9,81.4,73.2,61.6,80.4,3.3,8.0,Low,2.7,50.2,1
S1040,20,Male,AIML,3,4.0,70.2,69.1,87.0,56.7,80.5,71.3,1.9,6.6,High,2.6,44.6,1
S0516,18,Female,IT,1,2.6,56.9,44.5,62.7,52.0,51.2,47.7,0.3,5.8,Medium,2.5,31.8,0
S1349,25,Male,ECE,3,8.4,100.0,87.5,74.1,81.9,66.6,87.0,3.7,4.1,Medium,3.8,64.5,1
S1016,23,Male,CSE,4,8.8,92.2,70.2,81.7,87.8,85.2,77.4,3.5,6.0,Medium,4.8,65.2,1
S0769,20,Male,ME,4,8.4,77.4,87.0,89.6,66.9,65.8,84.8,1.8,7.5,Medium,3.6,66.6,1
S1747,18,Female,ME,1,0.5,69.7,50.3,48.9,57.1,46.7,47.7,1.6,8.6,Low,1.8,32.0,0
S0762,20,Male,AIML,1,8.0,86.5,57.4,57.5,58.3,54.8,59.7,1.8,6.6,Low,3.9,38.1,0
S1247,19,Male,EEE,3,11.8,99.8,67.0,93.6,57.2,77.2,78.8,2.1,5.9,High,2.5,59.0,1
S1204,20,Female,EEE,1,2.8,46.7,42.8,51.4,35.6,39.4,49.0,0.3,5.6,Low,5.0,35.3,0
S1468,20,Female,Civil,3,7.8,71.9,62.2,83.8,78.2,74.1,69.1,3.4,7.9,High,3.1,54.8,1
S1984,20,Male,CSE,1,2.0,91.2,78.1,74.2,73.7,79.1,67.7,2.0,7.0,Medium,0.5,62.6,1
S0522,20,Male,ECE,1,7.7,83.5,64.4,67.5,86.4,65.5,80.3,3.6,5.5,High,2.0,52.0,1
S0023,19,Female,ME,4,6.0,68.5,57.2,65.8,57.6,49.6,64.8,0.3,7.6,Medium,7.8,40.6,1
S0357,18,Female,CSE,3,5.7,79.4,62.2,50.3,67.3,51.7,69.3,2.7,7.9,Low,5.4,60.2,1
S1278,25,Male,IT,1,0.5,45.5,41.4,47.2,49.8,41.5,57.3,0.3,7.9,Medium,5.5,31.9,0
S1313,21,Female,AIML,2,14.6,85.3,78.5,84.5,88.6,76.4,75.5,3.1,7.8,High,4.6,62.9,1
S1683,21,Female,AIML,3,6.4,83.2,55.4,79.3,67.7,83.9,58.1,1.7,8.0,Medium,4.1,40.6,1
S0341,20,Female,ECE,1,2.2,75.7,62.2,57.9,53.1,49.6,57.8,0.3,6.9,High,7.2,35.6,0
S0432,22,Female,ECE,4,8.3,56.8,37.2,49.9,58.8,73.8,62.3,3.1,7.3,Low,4.2,54.8,1
S0474,23,Female,IT,4,7.6,84.7,61.3,76.0,77.4,58.8,84.6,2.8,5.5,Medium,2.9,58.9,1
S0218,22,Male,ECE,2,5.4,100.0,77.6,87.4,70.8,48.6,81.9,3.9,4.9,Low,2.5,55.9,1
S0912,19,Male,ECE,4,0.5,74.6,62.5,67.3,63.3,57.9,78.9,3.0,5.3,Low,4.4,43.1,1
S1228,19,Male,Civil,1,1.3,35.1,35.0,44.7,46.8,43.5,36.9,0.7,6.9,Low,3.6,28.7,0
S1597,19,Male,IT,1,1.6,33.7,60.1,43.3,58.6,60.7,49.6,0.3,6.0,Low,3.0,29.1,0
S1012,25,Male,ME,4,0.5,31.6,36.9,45.1,42.0,29.4,36.6,0.3,6.6,Low,4.4,34.0,0
S1950,20,Male,Civil,2,2.6,42.5,58.2,45.3,62.9,32.6,63.7,0.3,6.7,Medium,4.7,30.4,0
S0094,21,Male,AIML,3,6.3,70.5,81.6,72.7,80.7,83.8,61.0,2.5,5.6,High,3.8,60.6,1
S1009,19,Female,CSE,1,2.2,65.0,74.5,56.3,49.6,40.2,61.0,1.7,5.9,Medium,3.7,45.8,1
S1071,19,Female,ECE,2,4.4,70.4,52.6,65.8,65.3,59.6,70.0,2.0,6.5,Medium,3.4,43.1,1
S1093,21,Male,Civil,3,5.8,61.7,65.1,64.5,57.0,50.8,61.7,2.4,7.8,Low,5.4,56.9,1
S1915,20,Female,ECE,1,8.5,85.0,90.4,74.1,88.7,100.0,88.2,2.3,6.0,Medium,6.5,59.8,1
S1309,20,Male,Civil,4,5.5,83.4,67.2,58.9,63.4,47.9,66.0,1.7,5.7,Low,6.8,45.8,1
S0697,19,Female,ECE,3,8.6,82.2,56.8,73.1,66.5,63.1,67.1,1.2,7.6,Medium,6.6,41.4,1
S1828,24,Male,CSE,2,0.5,68.6,56.3,77.7,76.2,59.2,75.9,4.5,6.3,Low,3.2,55.2,1
S0997,23,Male,CSE,3,0.5,59.5,54.9,46.8,61.3,77.9,50.0,0.3,7.1,Medium,4.7,37.8,0
S0154,20,Female,IT,1,1.1,53.6,56.5,57.9,57.5,64.5,77.8,0.3,6.9,Medium,4.3,31.7,0
S1100,20,Male,CSE,4,3.7,69.6,66.9,71.1,69.0,72.0,67.9,3.9,6.1,High,3.7,47.4,1
S1719,25,Male,CSE,2,0.5,35.6,45.9,37.1,57.7,23.6,50.2,0.3,8.3,Low,6.1,25.5,0
S1998,18,Male,EEE,2,13.3,92.8,80.4,87.0,83.8,84.1,74.3,4.4,6.2,High,1.3,55.8,1
S0790,23,Female,IT,3,9.2,96.4,81.7,91.1,78.1,74.3,93.3,3.6,7.1,High,1.0,56.8,1
S0581,20,Male,AIML,4,0.5,57.0,62.4,50.0,52.2,71.2,79.8,2.5,9.0,Low,4.2,42.3,1
S0704,19,Male,ME,2,4.4,78.6,62.7,59.9,85.7,74.8,53.1,2.2,6.6,High,4.7,44.9,1
S1213,19,Male,IT,1,2.3,57.4,49.6,42.1,57.2,35.0,55.0,1.3,8.9,Low,5.0,46.8,1
S1296,19,Male,CSE,4,4.1,92.2,49.0,48.0,52.8,49.5,55.9,0.3,8.2,Medium,1.2,48.5,1
S1666,22,Male,EEE,2,5.7,87.5,58.0,59.7,61.2,51.2,69.3,3.2,7.4,Low,2.1,49.2,1
S1261,19,Male,CSE,1,2.4,68.3,80.8,78.1,58.0,56.9,75.1,3.5,9.7,High,2.7,51.9,1
S0488,19,Female,IT,2,8.9,74.3,65.5,66.7,63.6,67.3,76.6,3.2,6.8,High,1.2,50.8,1
S0560,21,Male,AIML,4,8.0,76.8,88.2,96.7,93.9,85.0,81.3,4.1,6.8,High,4.0,62.5,1
S1142,20,Female,CSE,1,7.5,87.0,74.0,56.9,80.4,90.7,75.5,3.8,6.1,High,3.4,65.0,1
S1120,19,Male,IT,3,5.4,79.8,65.4,62.8,66.1,27.1,81.5,1.9,6.6,Medium,2.0,44.4,1
S0802,19,Female,CSE,1,0.5,71.5,71.5,83.3,70.6,46.0,79.0,0.3,8.2,Medium,2.2,33.5,0
S0513,23,Male,CSE,4,2.8,48.9,47.3,42.7,66.0,53.6,45.3,2.8,6.5,Low,2.7,39.4,0
S0634,21,Male,Civil,2,2.6,63.9,68.8,61.3,70.8,68.5,71.5,2.2,8.5,Medium,4.3,42.0,1
S1922,18,Male,AIML,3,7.3,83.2,72.7,73.8,72.2,80.0,77.1,3.6,6.9,High,1.6,52.9,1
S1788,21,Male,EEE,4,2.1,39.5,69.8,62.1,67.2,51.9,77.9,0.3,8.8,Low,4.9,37.4,0
S1546,20,Male,CSE,1,8.6,55.8,66.2,59.7,80.4,62.4,61.3,4.3,7.4,Medium,3.8,50.7,1
S1151,21,Female,IT,3,0.5,35.7,43.5,65.8,58.0,53.3,56.4,0.7,5.3,Medium,5.3,32.0,0
S0791,19,Female,CSE,4,2.4,53.7,33.6,53.5,53.1,31.4,66.8,2.0,7.9,Low,3.3,40.5,1
S0117,22,Male,AIML,3,9.2,89.0,64.4,58.1,95.0,51.5,83.3,4.1,6.1,High,0.5,55.0,1
S0741,20,Male,EEE,1,10.3,72.1,72.6,68.9,61.7,60.9,82.0,0.7,7.5,High,6.1,61.4,1
S1691,19,Female,CSE,1,10.2,86.4,90.3,81.6,90.0,88.1,94.4,4.8,6.7,High,4.5,56.9,1
S1082,18,Female,CSE,3,5.2,44.0,43.6,52.7,63.8,64.3,46.5,0.3,6.3,Low,5.9,36.9,0
S0831,19,Male,EEE,4,7.3,83.8,72.9,73.2,76.6,74.4,56.1,2.2,6.1,High,4.7,50.2,1
S0120,21,Female,EEE,3,0.5,67.3,60.8,66.8,53.7,54.9,64.6,0.3,7.7,Low,3.7,37.8,0
S0657,19,Female,Civil,1,13.8,100.0,98.0,79.1,100.0,87.0,90.9,4.7,4.9,High,1.6,81.6,1
S1908,20,Male,EEE,4,7.1,62.0,61.3,84.1,54.0,71.6,69.1,1.6,7.5,Medium,2.9,44.5,1
S0636,20,Female,AIML,2,5.5,61.3,77.2,84.1,66.5,69.9,60.9,1.7,6.6,Medium,3.9,58.3,1
S0370,18,Female,CSE,4,3.5,63.2,68.5,50.7,62.4,52.6,46.6,0.7,7.7,Low,3.2,37.0,0
S0269,20,Male,EEE,2,1.8,46.4,54.8,67.9,57.7,68.6,79.3,1.9,8.3,Medium,4.0,39.6,0
S0656,19,Male,CSE,2,11.1,96.6,83.3,92.3,80.1,100.0,79.6,3.8,5.0,Medium,1.5,68.5,1
S0936,19,Male,IT,2,7.8,75.8,51.6,74.4,74.9,70.7,62.8,2.8,8.7,High,5.3,53.3,1
S0823,20,Female,IT,4,8.9,100.0,85.9,61.4,72.3,88.1,88.3,3.8,8.1,Medium,3.8,59.5,1
S0867,19,Male,IT,2,5.9,83.6,79.6,98.9,78.4,87.0,84.6,4.5,6.7,High,3.5,68.3,1
S0047,20,Male,IT,1,0.5,68.1,53.1,52.0,55.1,43.0,57.8,2.2,6.5,Low,6.7,39.2,0
S1374,20,Female,EEE,3,5.2,52.7,66.7,51.3,65.5,49.4,50.8,0.7,9.2,Low,4.6,45.1,1
S1709,21,Male,ME,3,2.8,60.6,67.6,71.1,68.1,49.0,63.0,3.8,8.1,Low,3.4,38.8,0
S0992,21,Female,ECE,1,4.3,84.1,53.9,52.1,54.8,52.9,64.3,0.3,9.1,Medium,5.4,42.0,1
S0877,21,Male,ME,1,2.3,62.3,48.4,72.5,73.7,42.7,61.4,1.3,7.7,Low,4.5,45.9,1
S0774,20,Male,EEE,1,6.2,89.6,93.2,87.8,77.4,89.4,84.3,2.8,7.1,High,4.3,53.8,1
S1220,19,Female,CSE,4,0.5,30.0,60.2,53.8,45.2,36.9,48.2,0.3,7.3,Low,3.1,37.2,0
S2000,19,Male,CSE,1,1.8,65.2,48.0,51.9,65.5,62.1,63.2,1.9,6.6,Medium,3.8,41.3,1
S0005,19,Male,CSE,1,4.6,62.5,39.6,49.9,48.6,42.3,53.9,0.3,8.9,Low,5.6,40.2,1
S1004,22,Female,IT,3,0.5,30.0,31.9,37.6,34.0,15.0,47.3,0.3,7.3,Low,6.7,33.3,0
S1724,18,Male,CSE,3,8.5,76.7,74.5,67.0,74.9,55.6,81.9,0.9,7.3,Medium,4.1,50.4,1
S0264,20,Male,IT,4,5.4,61.7,72.4,74.9,68.2,67.6,71.7,2.8,6.6,High,1.5,49.0,1
S1570,20,Female,AIML,1,9.8,92.3,76.7,91.6,85.5,80.8,100.0,5.1,5.0,High,0.5,66.7,1
S1831,24,Male,AIML,1,8.9,61.8,59.0,96.2,63.3,74.2,69.3,1.3,5.6,High,6.6,57.8,1
S0444,20,Female,IT,1,2.5,60.0,44.8,54.9,47.7,36.2,59.0,1.3,6.5,Low,5.6,38.9,0
S1003,23,Male,Civil,4,1.2,64.6,77.9,82.0,76.7,56.2,65.6,3.6,5.2,Low,7.3,28.5,0
S1078,21,Male,CSE,3,7.2,77.5,69.6,69.7,93.4,58.4,72.2,1.4,5.8,Medium,3.6,51.4,1
S0838,20,Male,IT,3,7.7,85.9,87.8,98.2,100.0,71.8,77.8,5.5,6.9,High,0.9,65.4,1
S1791,19,Male,IT,3,0.8,70.7,39.5,60.1,51.0,50.6,58.2,1.3,7.4,Medium,5.3,21.8,0
S0305,22,Female,Civil,2,3.6,68.3,39.7,46.4,75.9,46.2,63.1,0.6,6.9,Medium,5.6,21.7,0
S1366,19,Female,AIML,2,7.5,59.2,53.3,72.9,49.8,52.6,56.3,0.3,7.0,Low,2.1,43.1,1
S1558,20,Male,EEE,2,6.2,78.9,88.6,77.7,67.2,60.9,74.0,2.9,5.6,High,3.1,47.3,1
S0314,24,Female,Civil,1,6.0,75.8,54.2,50.0,63.3,55.9,75.6,4.1,5.4,Low,3.2,41.2,1
S0150,19,Female,EEE,4,10.7,73.3,79.7,95.9,81.4,75.9,90.6,3.7,6.0,High,3.6,70.3,1
S1149,22,Female,ME,2,5.8,58.9,55.5,60.1,63.6,41.7,67.5,4.0,5.7,Medium,5.0,49.4,1
S1214,22,Female,EEE,2,2.1,97.6,57.0,69.9,72.7,77.6,74.5,5.2,5.9,High,1.6,50.6,1
S0575,22,Male,EEE,1,0.6,87.3,67.7,61.4,65.3,65.2,80.1,4.1,6.1,Medium,3.8,52.3,1
S0051,24,Male,AIML,2,0.5,54.0,49.3,53.7,53.8,47.3,50.4,1.4,5.6,Low,7.6,40.8,1
S1553,22,Female,AIML,3,2.0,52.7,44.9,69.2,40.3,48.1,60.9,0.3,5.6,Low,2.7,40.9,1
S0727,19,Male,AIML,2,0.6,62.9,50.6,49.1,52.0,40.8,46.5,0.6,7.1,Low,1.8,50.7,1
S0834,19,Male,CSE,4,7.2,60.7,64.9,75.6,53.5,68.1,73.8,5.1,8.2,High,4.3,49.3,1
S1378,20,Male,IT,2,2.7,49.0,51.6,53.7,73.4,63.5,57.1,1.2,8.0,Medium,4.1,34.2,0
S1116,21,Female,ME,4,0.5,54.4,54.6,57.2,49.0,65.8,69.8,0.8,7.0,Low,4.1,37.5,0
S1167,22,Female,CSE,4,5.4,63.8,51.4,47.1,70.2,58.7,72.8,1.1,6.2,Low,4.8,41.8,1
S0471,18,Male,Civil,3,1.2,56.8,27.1,20.7,34.9,50.0,51.1,0.7,7.5,Low,3.7,36.6,0
S0972,23,Male,Civil,3,4.5,79.5,69.4,68.8,74.4,53.8,54.4,3.2,7.6,High,2.7,46.9,1
S0654,22,Male,Civil,1,0.5,49.0,49.7,50.4,40.8,45.4,58.6,0.5,5.7,Medium,5.7,28.2,0
S0400,22,Female,CSE,4,5.7,78.2,55.8,47.6,74.2,46.0,68.1,2.6,5.4,Medium,5.5,49.0,1
S0512,20,Female,ECE,4,1.6,49.5,41.8,31.2,37.1,33.9,26.6,0.3,7.4,Low,5.4,30.7,0
S0321,21,Female,ECE,3,3.9,82.3,65.2,83.0,43.3,53.1,60.6,2.5,8.2,Medium,5.3,49.4,1
S0020,19,Female,CSE,1,6.8,79.7,51.0,54.1,71.8,69.8,79.6,1.7,7.7,High,3.4,57.5,1
S0685,23,Male,EEE,3,0.5,76.8,38.7,50.9,49.8,48.1,59.4,2.0,9.3,Low,2.7,24.3,0
S0036,22,Male,AIML,1,5.2,87.8,45.0,56.7,75.6,70.2,64.1,1.1,7.4,Low,4.7,50.2,1
S0903,19,Male,CSE,1,2.5,68.8,30.2,32.4,46.4,31.8,50.7,0.7,7.9,Low,3.8,33.0,0
S1779,19,Female,Civil,4,1.3,80.0,70.6,58.9,58.8,49.7,57.3,1.2,5.9,Low,3.0,57.5,1
S0828,20,Male,CSE,1,10.3,100.0,89.0,57.3,79.8,70.8,85.8,1.9,7.8,High,0.9,62.9,1
S1854,22,Female,Civil,2,3.0,55.0,67.5,44.4,69.8,57.6,63.0,0.9,9.8,Low,5.6,48.7,1
S0408,18,Male,CSE,2,6.1,61.3,51.4,70.8,67.8,53.9,59.6,1.9,7.1,High,6.4,56.3,1
S0921,22,Male,AIML,4,6.6,68.6,68.8,61.3,66.7,53.5,65.1,1.2,8.6,Medium,1.9,43.1,1
S0538,19,Male,ME,4,5.1,61.2,65.0,55.1,52.6,55.7,58.8,3.0,8.8,Medium,4.7,55.9,1
S0759,23,Female,ECE,4,9.8,75.1,82.0,92.8,82.2,99.4,83.0,6.1,6.9,High,1.6,57.6,1
S1905,22,Female,CSE,1,3.3,90.2,84.6,74.0,71.2,76.4,79.5,4.8,6.4,Medium,4.2,59.8,1
S1063,22,Female,ECE,3,7.4,81.5,86.5,85.9,74.0,72.9,88.8,1.7,5.3,High,4.4,53.4,1
S1200,19,Male,IT,4,5.7,78.9,76.5,70.5,66.3,73.7,59.6,3.8,8.9,High,3.5,47.0,1
S0246,23,Male,AIML,3,3.3,73.9,63.0,47.2,69.1,51.4,62.8,1.3,7.3,High,3.7,41.8,1
S1417,18,Male,IT,2,4.1,57.4,64.5,61.6,77.6,46.7,69.4,1.1,6.3,High,3.9,39.8,0
S1128,20,Male,CSE,2,1.0,60.6,61.0,55.4,31.1,39.1,58.6,1.9,8.2,Low,6.0,48.4,1
S0785,19,Female,IT,3,8.2,76.5,83.1,67.1,66.8,57.1,76.2,0.3,6.5,Low,3.3,54.0,1
S1743,22,Female,Civil,3,7.4,100.0,67.9,75.3,67.2,58.2,84.1,3.5,5.9,High,2.0,49.8,1
S0490,23,Male,ECE,3,8.1,60.1,53.3,59.6,72.7,42.1,60.0,1.6,7.7,Medium,4.5,52.0,1
S0155,25,Male,CSE,1,4.2,50.9,56.7,61.5,69.9,41.0,54.2,1.5,6.5,Low,4.7,36.2,0
S0962,21,Male,CSE,2,8.5,70.5,73.8,89.4,73.6,66.1,84.9,2.8,4.2,Medium,1.7,56.5,1
S0854,23,Female,IT,4,1.8,61.6,31.9,40.3,59.9,42.4,36.8,0.3,7.5,Low,6.2,41.9,1
S1312,23,Female,ME,2,2.1,55.4,41.1,80.4,63.5,62.1,57.4,2.4,7.1,Low,2.1,39.0,0
S0626,20,Female,ME,1,3.0,51.9,45.6,48.7,47.6,35.4,60.0,1.7,8.5,Low,2.9,44.4,1
S0686,21,Male,IT,1,6.2,94.8,84.7,97.1,91.9,100.0,87.5,6.1,6.6,High,2.6,72.2,1
S1562,19,Female,AIML,3,3.5,85.6,45.0,54.3,44.9,41.5,64.8,0.3,6.4,Low,5.7,46.2,1
S0570,20,Female,Civil,2,6.7,83.7,72.4,67.6,74.3,77.1,79.6,4.2,6.7,High,2.4,52.0,1
S1909,20,Female,CSE,2,5.9,61.5,68.3,49.9,74.1,78.0,66.7,4.8,5.8,Medium,3.6,58.7,1
S0018,21,Female,Civil,3,3.9,97.5,57.2,79.0,52.2,75.2,64.6,3.9,8.0,Medium,6.1,56.1,1
S0128,22,Male,AIML,2,3.0,50.1,52.1,48.1,57.2,53.0,62.2,3.0,6.8,Low,3.7,40.9,1
S1347,20,Male,CSE,2,0.5,62.7,52.9,65.9,60.1,59.5,68.0,0.3,7.5,Low,5.7,42.6,1
S1280,20,Female,IT,3,4.1,86.0,59.0,78.1,64.1,70.3,66.8,3.4,7.4,High,6.6,54.4,1
S1969,20,Female,AIML,2,0.8,30.0,40.5,46.3,45.2,29.4,52.3,0.4,8.4,Low,3.5,33.5,0
S0928,21,Female,CSE,3,8.0,80.1,71.8,84.5,66.2,64.8,56.1,3.0,4.6,Medium,4.7,58.1,1
S0981,20,Male,AIML,1,9.8,91.6,81.0,95.2,93.8,69.6,98.4,5.5,6.9,High,5.7,57.4,1
S1965,21,Male,ECE,3,8.2,74.2,70.0,59.6,57.1,64.1,62.5,3.7,7.3,Medium,2.7,48.0,1
S0191,18,Male,EEE,3,4.4,69.4,74.4,68.0,74.8,48.8,93.8,2.6,4.7,High,0.5,53.4,1
S1140,21,Male,AIML,1,11.3,96.2,97.0,88.1,93.2,94.5,92.9,5.2,6.4,High,1.7,73.5,1
S0993,19,Female,IT,1,8.7,50.4,82.2,65.6,58.6,64.9,67.7,0.3,6.6,Low,3.8,51.7,1
S1956,23,Female,ME,2,8.4,90.0,63.6,71.9,83.6,77.2,86.2,0.3,6.5,High,2.5,56.2,1
S1657,21,Male,ME,3,8.9,62.3,70.0,74.7,80.7,52.3,75.1,3.5,7.5,Low,2.4,47.7,1
S0607,19,Male,Civil,1,4.4,54.6,56.9,59.4,57.2,47.6,79.9,2.9,8.0,Low,5.1,40.8,1
S0181,20,Male,IT,3,0.5,44.0,68.7,56.8,53.4,45.5,50.8,0.3,7.0,Low,4.9,55.8,1
S0302,21,Female,AIML,2,4.9,61.6,72.3,69.0,71.5,70.0,72.6,3.4,7.9,Medium,3.7,39.3,0
S0497,21,Female,ECE,2,0.5,69.2,70.6,69.4,45.9,50.5,71.0,0.3,7.2,Low,5.0,36.2,0
S1721,19,Male,CSE,3,0.5,57.4,51.7,39.4,45.4,21.5,61.9,1.2,8.8,Low,3.9,30.4,0
S1710,21,Female,Civil,4,10.6,87.4,76.3,86.6,72.8,82.8,75.3,3.8,7.1,Low,0.9,56.3,1
S1888,19,Female,AIML,2,4.8,71.6,94.4,83.8,64.5,63.0,73.2,4.4,6.3,Medium,4.7,56.4,1
S1992,19,Male,ECE,1,9.4,100.0,89.9,94.9,91.2,85.5,83.8,6.2,7.1,High,2.4,73.7,1
S0518,22,Male,Civil,3,6.7,87.6,58.3,65.7,50.8,66.4,53.0,2.1,7.0,Low,5.3,41.7,1
S1985,19,Female,CSE,2,6.6,77.0,64.1,81.0,71.2,55.1,89.1,1.6,7.1,Medium,2.4,42.5,1
S1070,19,Female,CSE,1,3.4,49.4,63.3,75.5,66.3,62.7,65.4,4.3,6.6,High,2.0,41.1,1
S0477,18,Male,IT,2,0.5,87.0,84.1,76.4,71.0,65.1,82.5,3.1,6.2,High,2.8,46.0,1
S0158,22,Male,Civil,3,5.0,95.3,78.9,82.8,74.9,53.5,72.1,1.6,5.7,Medium,5.0,52.6,1
S1244,22,Female,Civil,3,8.7,94.5,68.0,60.3,69.3,67.3,67.1,2.4,8.1,Medium,2.3,37.1,0
S1196,23,Male,EEE,3,13.1,88.9,97.2,99.3,82.6,89.8,90.8,5.3,6.7,Medium,1.6,77.0,1
S0017,20,Male,Civil,1,10.0,98.2,68.0,68.5,67.4,60.4,78.0,4.2,7.8,Medium,4.1,65.4,1
S1536,19,Male,CSE,3,4.4,75.5,72.5,67.7,76.6,63.9,71.1,4.6,10.3,Low,6.0,48.4,1
S1073,18,Male,ECE,3,5.9,63.2,61.8,52.5,84.3,65.3,75.3,0.7,6.7,Medium,4.8,42.5,1
S1972,22,Female,CSE,3,0.5,51.9,66.4,52.8,57.3,54.0,53.5,0.3,6.1,Medium,1.8,30.5,0
S0547,18,Male,CSE,3,6.9,98.7,91.4,100.0,74.4,80.6,90.3,6.9,7.8,High,0.8,72.2,1
S1540,21,Male,ECE,2,4.0,53.9,69.2,56.8,67.3,34.9,71.1,0.7,6.9,Medium,2.9,37.8,0
S0659,21,Male,CSE,1,10.2,46.7,81.7,64.3,74.6,69.8,85.6,4.4,6.6,Low,2.5,48.1,1
S1626,21,Male,Civil,3,0.5,77.6,62.7,59.1,51.3,54.1,59.7,2.6,8.5,Low,6.8,40.5,1
S1020,18,Female,Civil,3,2.5,79.6,57.8,77.7,61.6,61.3,65.2,2.6,4.8,Low,6.0,37.9,0
S1663,23,Male,EEE,4,3.9,54.6,70.0,62.7,64.3,64.6,57.8,1.1,8.0,Low,4.8,49.8,1
S1505,20,Female,IT,3,3.8,58.6,70.0,70.1,71.2,74.9,67.3,1.6,7.7,Medium,3.0,45.2,1
S0960,22,Female,EEE,4,4.6,64.7,76.6,77.5,62.4,54.3,72.7,3.6,8.3,Medium,2.9,42.0,1
S1882,23,Female,ME,2,3.6,55.6,70.4,62.5,72.3,66.1,82.1,1.5,9.0,High,4.8,42.7,1
S0284,18,Male,CSE,3,5.2,56.8,69.4,43.1,55.1,76.6,78.6,2.8,6.0,Medium,3.3,54.8,1
S0798,21,Female,EEE,2,1.5,52.5,40.2,49.3,49.3,65.9,49.6,0.3,6.6,Low,3.8,34.1,0
S1627,19,Male,IT,4,8.9,67.8,73.3,89.7,72.0,75.6,78.2,2.5,8.3,Low,5.9,59.7,1
S0226,19,Male,EEE,3,8.0,59.2,64.4,57.1,64.1,78.6,63.0,2.9,7.0,Medium,5.9,49.4,1
S0027,19,Female,IT,4,7.2,95.4,81.6,80.0,89.8,93.5,76.4,5.6,6.8,High,5.2,60.2,1
S1771,20,Female,ME,2,0.9,68.4,63.9,62.1,58.0,68.3,48.2,0.3,7.9,Low,4.5,45.5,1
S0438,22,Male,EEE,1,4.7,40.8,36.3,45.7,53.1,38.3,46.3,0.3,8.3,Low,4.1,27.9,0
S1949,20,Male,ME,4,9.7,72.1,52.7,73.5,59.4,58.0,58.9,1.8,6.0,Low,1.5,52.9,1
S1389,24,Male,ECE,2,10.7,69.5,72.7,80.9,72.6,76.4,61.9,3.8,7.2,High,6.9,62.8,1
S0230,21,Male,CSE,2,4.5,70.7,56.0,83.7,67.2,62.7,85.0,2.9,7.7,Medium,3.3,58.5,1
S0038,18,Male,EEE,4,5.9,56.8,60.9,56.8,60.3,63.2,52.9,3.7,5.1,Low,4.8,55.0,1
S0750,21,Female,EEE,2,9.7,55.0,58.0,59.4,67.1,59.4,61.9,3.9,7.2,Low,2.8,58.0,1
S1046,21,Female,ME,2,0.5,74.0,53.0,57.2,40.3,45.8,49.2,1.9,7.3,Low,2.2,37.7,0
S1399,21,Male,IT,3,5.2,90.6,72.4,75.0,74.1,66.3,93.3,3.8,7.2,High,3.8,50.4,1
S0470,24,Female,Civil,3,6.5,92.9,77.6,49.7,64.3,82.5,70.7,3.4,7.0,Medium,4.2,56.2,1
S1693,20,Female,ME,1,2.4,69.4,64.6,45.1,64.8,49.2,63.7,1.1,6.2,Low,2.0,33.1,0
S1968,20,Male,CSE,1,4.6,71.5,77.9,75.5,70.4,72.4,77.3,2.0,6.2,High,4.1,55.8,1
S0688,19,Male,CSE,2,5.8,81.8,58.2,52.9,50.8,66.2,61.0,1.8,9.3,Low,0.9,47.1,1
S1844,21,Male,CSE,2,0.5,80.8,72.7,67.1,76.7,48.8,73.1,1.9,6.7,Medium,1.2,38.1,0
S0640,20,Female,EEE,2,8.1,70.0,92.1,76.2,70.7,79.6,76.0,3.6,7.3,Medium,1.0,51.4,1
S1713,22,Female,ECE,1,3.0,67.7,65.5,59.7,64.6,51.3,67.1,3.4,7.0,Medium,0.5,36.9,0
S1219,21,Female,CSE,4,6.1,100.0,85.1,79.0,75.4,67.6,85.7,3.5,4.7,High,0.5,53.9,1
S1159,23,Female,ECE,2,2.4,72.4,58.6,51.9,54.3,52.3,54.0,0.3,8.8,High,4.5,49.8,1
S1416,23,Female,IT,3,9.7,76.6,68.7,78.8,72.1,60.1,67.0,2.6,5.3,High,3.3,57.3,1
S1528,20,Female,CSE,3,0.5,59.8,42.2,50.7,46.4,49.3,58.1,0.5,6.2,Medium,3.3,32.0,0
S1656,23,Male,CSE,3,12.0,100.0,81.8,72.2,64.2,74.8,79.1,5.9,6.9,High,2.8,59.7,1
S1301,18,Male,EEE,1,10.5,63.4,71.0,59.9,67.9,65.3,80.4,5.6,7.4,Medium,3.3,59.4,1
S1823,21,Female,ME,2,9.4,79.7,56.1,78.2,70.0,56.8,76.8,2.9,6.2,Medium,6.0,52.8,1
S0801,21,Female,CSE,1,5.3,60.7,70.9,49.4,69.4,57.8,80.2,3.6,6.8,Medium,3.8,56.8,1
S1604,20,Male,ME,4,0.5,100.0,50.8,66.4,49.0,59.0,67.0,1.2,5.3,Low,2.7,41.0,1
S0161,20,Female,ECE,1,2.0,61.1,64.9,68.7,57.5,63.5,70.4,2.3,7.2,Low,3.9,44.5,1
S0957,20,Female,IT,3,4.6,59.0,80.3,65.2,62.1,51.0,55.2,0.3,8.0,Medium,4.1,44.2,1
S1187,21,Male,ME,3,6.1,66.9,61.9,59.2,57.1,55.1,63.9,2.9,9.1,Medium,3.4,39.9,0
S0822,18,Male,IT,2,4.6,75.6,62.5,70.2,62.1,51.4,47.2,3.0,6.3,Medium,3.9,55.1,1
S1682,24,Male,ECE,2,9.2,90.8,89.8,83.1,85.5,97.8,85.1,4.1,8.2,High,2.7,63.6,1
S0878,21,Male,ME,1,3.6,65.6,49.5,54.4,65.5,47.2,64.9,3.1,7.0,Low,4.4,41.4,1
S0914,20,Female,CSE,1,7.4,93.2,81.1,84.1,66.6,77.6,68.4,5.1,7.5,Medium,5.2,55.2,1
S0153,19,Female,EEE,1,0.5,41.1,33.5,46.1,44.5,47.6,39.3,0.3,7.0,Low,1.1,34.1,0
S1871,22,Male,CSE,4,8.5,48.7,72.2,61.0,65.7,65.8,60.5,1.8,7.1,Medium,3.0,33.3,0
S1777,21,Female,ME,2,4.3,98.1,70.9,57.5,65.7,82.6,84.4,2.6,5.2,Medium,2.8,52.9,1
S0510,22,Female,AIML,3,0.6,57.7,47.3,60.3,50.0,30.1,50.1,1.4,7.3,Low,7.4,32.9,0
S1136,18,Female,IT,3,6.7,87.9,61.3,50.4,65.6,63.8,74.9,4.5,6.0,Low,5.3,60.0,1
S1251,22,Male,IT,4,0.5,69.0,48.2,43.0,48.4,40.0,37.0,0.3,6.5,Low,5.6,31.9,0
S1684,22,Male,CSE,2,1.1,71.3,48.5,66.7,46.5,62.7,51.2,2.4,8.5,High,3.5,51.4,1
S0104,20,Female,CSE,4,8.3,100.0,59.1,82.6,51.9,65.8,74.4,4.8,6.7,High,1.7,62.9,1
S1446,19,Female,CSE,3,7.3,36.1,56.4,43.3,75.5,52.9,84.3,3.8,6.6,High,3.7,33.8,0
S1444,20,Female,AIML,3,1.4,70.2,58.3,46.4,48.5,43.7,60.0,2.5,7.6,Low,4.8,34.0,0
S0587,18,Male,IT,2,3.6,81.5,54.2,55.4,54.0,57.3,51.3,3.2,9.8,Medium,3.7,49.8,1
S1769,20,Male,IT,1,6.8,92.5,71.3,88.9,81.1,62.6,74.1,2.3,5.9,Medium,1.6,47.7,1
S1144,21,Male,EEE,1,11.8,97.7,66.9,95.6,86.6,86.3,84.2,4.7,7.5,High,3.8,57.7,1
S0054,23,Female,ECE,2,5.7,100.0,68.5,62.7,78.0,39.6,60.2,4.3,9.6,Medium,3.8,47.1,1
S0152,19,Male,CSE,3,2.0,80.0,49.3,52.0,70.2,46.3,49.9,2.6,5.8,Medium,2.3,45.6,1
S0404,22,Male,IT,4,4.4,48.9,53.9,54.4,63.1,28.3,66.9,3.0,6.7,Low,2.8,56.2,1
S1943,22,Male,CSE,4,4.8,83.8,68.4,50.9,49.0,58.2,55.5,0.9,7.4,Low,5.0,47.3,1
S0208,21,Female,ECE,2,9.6,74.4,86.9,84.4,76.0,61.4,91.8,2.5,6.8,High,2.1,64.2,1
S1895,21,Female,ECE,2,6.7,71.2,73.8,81.8,72.6,83.9,75.8,2.8,7.6,Medium,1.6,58.9,1
S1123,22,Male,CSE,3,3.1,35.5,47.5,51.7,47.2,38.2,53.0,0.4,5.4,Low,3.2,29.4,0
S1891,18,Female,EEE,1,3.8,74.5,71.8,65.6,61.0,63.3,56.5,0.5,6.6,Medium,3.0,40.0,1
S0009,21,Male,ME,3,8.4,71.1,52.5,65.5,55.6,42.1,74.4,2.1,6.7,Low,4.5,42.7,1
S1015,21,Female,CSE,2,8.4,72.6,48.4,50.1,49.0,59.2,61.5,3.1,6.7,Low,4.4,45.3,1
S1907,24,Male,ECE,1,0.5,75.9,49.1,50.6,33.4,42.6,55.1,3.1,6.4,Medium,2.5,32.5,0
S1061,23,Male,AIML,4,5.3,73.5,76.5,83.1,82.9,72.8,84.1,2.9,6.3,High,2.3,54.0,1
S0453,20,Female,Civil,2,0.5,41.2,31.9,51.8,48.9,15.0,55.1,1.2,8.5,Low,5.7,21.2,0
S0254,20,Female,ECE,1,0.5,35.5,46.4,52.6,51.3,42.9,54.6,0.3,7.4,Low,1.8,27.6,0
S1328,22,Male,CSE,3,1.3,100.0,86.5,67.2,70.9,71.6,76.9,3.3,5.7,Medium,1.1,61.7,1
S0897,19,Male,CSE,4,11.0,99.6,63.7,94.9,87.9,92.4,84.8,6.5,5.0,High,2.2,69.0,1
S1734,20,Male,ECE,4,7.3,86.6,84.4,86.5,84.6,87.4,89.3,6.1,9.4,High,2.9,58.8,1
S0881,19,Male,CSE,3,5.8,90.7,70.5,79.7,84.7,71.4,61.6,2.7,5.7,Medium,3.2,55.7,1
S1596,21,Female,ECE,4,1.3,74.2,59.0,74.0,61.5,54.2,63.3,1.1,7.1,Low,6.2,40.7,1
S1889,22,Female,EEE,2,9.8,85.1,63.3,70.6,67.1,56.9,83.1,3.6,7.1,Medium,3.8,53.0,1
S0624,20,Female,ME,3,1.5,42.0,51.6,48.6,36.8,42.6,47.0,0.4,7.4,Low,5.7,40.5,1
S0346,21,Female,IT,1,1.4,65.1,48.8,49.7,55.7,54.6,32.7,0.3,5.7,Low,1.6,39.3,0
S1703,20,Male,ECE,3,14.1,87.5,90.4,88.5,64.6,86.8,72.4,4.3,7.2,High,4.8,68.3,1
S0263,19,Female,IT,1,2.0,100.0,41.5,52.0,69.7,81.9,79.8,0.8,7.0,High,2.9,51.3,1
S1635,23,Male,CSE,3,0.5,55.7,37.0,53.5,26.1,22.8,33.1,0.3,7.5,Low,5.0,25.8,0
S1322,19,Male,IT,3,4.9,50.6,61.5,71.3,63.7,48.1,65.4,1.5,7.8,Low,3.2,51.2,1
S1439,19,Female,CSE,2,6.3,80.3,64.9,65.8,70.3,78.2,60.0,1.4,8.1,Low,3.6,57.3,1
S0151,23,Male,CSE,3,3.5,70.7,40.7,54.3,45.0,46.6,55.8,0.9,8.1,Low,5.3,33.4,0
S0473,18,Female,CSE,3,1.8,84.8,61.6,65.8,42.2,32.4,59.6,2.2,8.0,Low,2.1,42.3,1
S0641,18,Male,AIML,3,5.8,96.5,78.6,74.2,74.8,73.8,91.6,2.9,6.9,High,3.1,52.7,1
S1983,20,Male,AIML,3,1.4,58.1,51.0,70.6,73.8,37.9,44.9,1.0,7.4,Medium,3.8,42.0,1
S1883,21,Female,IT,3,5.7,79.3,58.0,64.1,66.0,63.4,71.1,2.8,7.1,High,3.7,39.9,0
S0551,21,Male,AIML,2,2.9,69.7,48.4,67.0,53.5,69.5,72.9,3.3,5.6,High,6.2,53.7,1
S1780,22,Female,CSE,2,12.1,86.9,66.0,62.5,71.3,81.8,64.0,2.5,4.2,High,4.6,50.7,1
S0929,21,Female,EEE,3,0.5,63.5,49.0,63.3,39.1,57.5,74.0,1.1,8.5,Low,2.8,50.9,1
S0489,24,Female,EEE,2,5.7,67.6,42.8,68.0,71.9,56.8,81.4,2.5,8.0,High,0.5,37.7,0
S1812,22,Male,AIML,1,0.5,63.3,47.3,64.0,38.3,39.6,55.1,0.6,8.1,Medium,4.5,27.7,0
S1172,25,Male,ECE,4,10.4,85.2,75.0,74.2,81.8,75.2,77.2,5.5,7.4,Medium,5.0,75.1,1
S0147,21,Male,CSE,2,0.5,40.5,26.6,39.3,46.4,38.4,41.3,0.3,8.8,Low,4.7,25.1,0
S1705,20,Female,AIML,1,4.8,81.2,73.3,50.9,47.1,53.8,79.3,1.8,5.9,Low,1.8,35.0,0
S1929,21,Female,ME,4,6.2,76.1,71.7,61.2,63.2,53.7,60.3,0.9,8.2,High,3.7,55.3,1
S0403,20,Male,CSE,1,5.5,76.7,75.5,54.6,52.3,61.0,77.6,0.3,7.5,Medium,3.7,50.8,1
S0955,20,Female,ECE,4,9.2,35.5,54.4,56.6,62.0,60.6,74.6,3.4,4.3,Low,6.2,51.9,1
S1878,20,Female,ME,2,3.0,74.0,69.8,75.8,52.6,53.9,74.3,1.7,7.8,Low,3.4,45.1,1
S0660,21,Female,EEE,2,8.0,58.3,64.8,73.1,53.9,60.9,69.2,2.4,6.4,Low,6.6,45.7,1
S1373,22,Male,IT,1,2.3,35.1,57.7,72.0,25.0,60.2,62.7,0.4,5.8,Low,7.3,41.4,1
S0464,21,Female,CSE,1,7.3,89.1,64.3,72.8,63.2,64.6,60.8,3.3,6.0,Low,2.9,55.9,1
S1350,18,Male,ME,4,8.3,63.5,64.1,71.3,63.3,47.0,74.1,2.1,7.5,Low,4.4,50.5,1
S0187,22,Female,CSE,4,5.7,64.0,73.4,82.1,67.3,67.0,64.9,1.6,7.5,Low,1.7,51.9,1
S1148,21,Female,Civil,1,2.2,47.2,66.4,64.7,59.8,54.7,75.7,3.4,7.2,Low,4.8,41.6,1
S1225,20,Male,IT,4,3.8,88.0,65.5,77.8,86.6,82.4,90.4,3.4,8.2,High,4.8,61.0,1
S0609,20,Female,AIML,4,0.5,45.7,27.7,29.9,48.6,35.1,34.4,0.3,8.3,Low,2.9,24.5,0
S0144,20,Male,Civil,4,7.5,63.8,43.7,38.9,64.9,51.4,54.5,0.3,8.1,Low,5.6,40.5,1
S0752,23,Female,ECE,3,11.0,75.9,64.2,64.9,72.2,66.8,70.5,2.4,7.3,Low,3.5,54.3,1
S1535,20,Male,CSE,4,8.7,80.2,81.4,78.7,70.9,65.7,83.5,3.2,3.7,High,4.5,52.7,1
S0982,22,Male,CSE,3,2.3,67.0,68.8,52.1,60.8,49.2,66.8,3.1,6.8,Low,5.3,44.0,1
S0198,23,Female,IT,4,1.0,69.5,67.9,71.4,59.3,44.6,67.6,2.7,7.8,Medium,5.3,45.5,1
S1634,22,Male,CSE,4,5.8,85.6,75.2,67.9,62.2,82.0,69.2,4.7,8.2,High,4.0,42.8,1
S0884,18,Male,CSE,2,12.6,66.7,71.3,66.1,79.8,87.0,63.8,2.8,6.5,Medium,3.0,63.0,1
S0280,22,Male,IT,1,4.4,100.0,60.6,74.2,72.7,53.1,83.0,0.3,6.6,High,1.0,51.0,1
S0294,20,Male,Civil,2,6.0,94.4,78.5,76.4,82.0,66.6,89.2,1.6,6.5,High,3.2,53.9,1
S1824,22,Male,EEE,3,6.3,74.7,73.4,84.0,86.5,78.7,74.6,3.4,4.8,Medium,4.1,42.1,1
S0401,18,Male,CSE,3,0.5,39.9,25.0,48.0,29.4,15.0,58.2,0.3,8.6,Low,4.9,36.4,0
S0123,20,Female,ME,1,2.7,53.0,61.4,60.3,59.1,64.3,52.9,1.1,4.2,Low,4.8,32.5,0
S1208,20,Female,IT,2,7.8,79.8,64.0,70.6,54.8,48.0,68.0,2.7,6.3,Medium,3.6,43.8,1
S0203,19,Male,CSE,4,7.0,85.1,64.5,83.8,85.9,61.4,80.5,4.3,9.6,High,4.6,62.3,1
S1463,18,Female,CSE,4,8.4,88.7,83.4,65.8,79.7,70.9,72.4,5.9,7.4,High,3.5,61.2,1
S0836,20,Female,CSE,1,1.2,49.3,64.5,56.5,61.1,39.7,41.9,2.5,7.0,Low,5.6,39.0,0
S0247,20,Male,CSE,1,4.9,71.7,64.2,84.7,61.5,64.4,63.7,3.5,6.0,Low,2.7,43.8,1
S1440,21,Female,Civil,1,2.0,68.8,50.7,69.3,66.0,64.6,57.7,2.3,5.6,Medium,4.8,36.9,0
S1754,19,Female,EEE,2,8.3,80.7,73.0,82.7,77.0,48.3,64.4,2.2,6.9,Medium,1.7,52.9,1
S1902,18,Male,ECE,1,3.3,68.6,53.1,66.3,68.2,52.3,56.4,4.8,7.5,Low,3.0,44.7,1
S1708,19,Male,CSE,3,12.0,79.1,83.8,91.4,94.8,61.4,86.4,3.7,7.3,High,2.9,65.6,1
S1881,21,Male,CSE,1,4.3,70.6,69.6,61.2,72.1,56.6,76.6,3.5,7.5,Medium,5.0,52.8,1
S1154,21,Male,EEE,4,2.7,67.3,42.8,62.0,49.5,32.1,58.3,3.1,7.5,Low,6.7,48.1,1
S1662,20,Male,CSE,3,6.8,68.0,70.4,81.4,65.5,60.7,73.4,3.4,6.9,Medium,3.4,64.7,1
S1427,18,Female,AIML,1,6.4,70.0,63.7,70.9,69.1,76.0,68.4,1.8,6.8,High,4.0,51.3,1
S0385,22,Male,Civil,2,0.5,44.5,46.2,54.9,56.6,52.3,69.1,1.1,7.7,Low,3.3,35.4,0
S1759,18,Male,IT,4,7.8,65.8,65.6,68.6,69.2,56.0,92.3,2.1,5.7,High,4.2,39.4,0
S0855,19,Male,ME,1,4.4,80.8,81.0,76.2,61.2,68.9,83.7,3.3,4.4,Medium,0.9,60.1,1
S1590,21,Male,ME,1,9.7,100.0,85.0,68.5,55.8,71.6,78.1,3.6,8.3,Medium,6.5,47.5,1
S0220,22,Male,CSE,1,3.3,73.0,63.8,87.3,70.6,55.8,69.7,2.4,5.0,Medium,3.5,42.6,1
S0642,20,Male,IT,4,10.3,79.0,78.6,78.9,66.7,59.3,79.5,1.9,6.9,High,0.5,60.5,1
S0002,24,Male,EEE,1,8.5,73.0,78.9,76.5,75.0,70.0,87.9,1.8,7.0,High,4.2,53.3,1
S0113,23,Male,CSE,4,9.5,76.4,62.5,74.4,64.3,56.0,88.0,2.2,6.6,High,3.4,53.3,1
S0699,19,Female,CSE,4,6.7,66.1,80.1,72.2,75.0,97.2,95.6,3.1,6.9,Medium,4.3,47.7,1
S1916,22,Male,CSE,1,0.5,46.5,25.0,36.6,41.5,39.5,34.7,0.3,5.8,Low,7.6,32.2,0
S0952,21,Female,CSE,2,6.1,92.4,63.7,80.9,72.1,73.3,77.5,3.8,8.3,Low,4.9,58.7,1
S1649,22,Female,ME,2,0.5,71.6,52.4,59.9,36.9,41.4,37.0,0.9,6.0,Low,5.2,27.1,0
S1637,20,Female,ECE,2,11.4,81.6,71.1,93.9,78.9,83.7,79.7,3.2,8.7,High,3.1,59.9,1
S1886,20,Female,ECE,4,5.9,74.0,61.5,76.1,78.0,49.4,75.4,3.3,4.7,High,3.2,57.9,1
S1411,19,Male,ME,2,6.2,83.9,48.2,74.8,55.4,68.4,58.0,2.2,6.3,Low,3.2,62.4,1
S1410,22,Male,ECE,3,0.5,56.6,51.8,56.5,67.1,48.1,57.2,1.4,6.2,Medium,1.1,39.5,0
S1534,19,Male,EEE,2,6.9,62.4,61.8,58.8,65.8,42.1,66.8,3.0,6.1,Medium,1.1,48.0,1
S1292,19,Female,CSE,1,7.6,87.6,71.9,67.9,67.4,60.9,76.9,3.8,6.6,Low,3.4,52.1,1
S1809,19,Male,ME,1,0.5,66.8,44.2,55.6,38.9,61.4,61.5,0.9,7.1,Low,2.6,35.8,0
S0442,25,Female,Civil,1,0.5,49.0,51.6,52.4,53.0,47.1,47.6,1.3,7.8,Low,4.8,32.8,0
S1521,18,Male,Civil,2,3.5,75.5,49.3,47.4,66.0,49.8,52.7,2.9,6.4,Low,4.9,47.4,1
S1137,22,Female,ME,4,3.5,58.7,50.8,43.4,42.5,60.8,69.8,0.6,3.8,Low,4.6,28.5,0
S1716,25,Male,IT,4,4.2,53.7,57.5,39.6,42.2,29.7,62.0,0.4,8.8,Low,5.0,32.0,0
S1257,19,Female,CSE,1,4.3,63.1,46.5,60.5,32.0,33.3,57.3,0.3,6.9,Medium,2.0,35.8,0
S1864,21,Male,IT,3,12.5,100.0,98.0,100.0,90.5,100.0,96.1,2.4,5.9,High,0.5,65.0,1
S1632,20,Male,ECE,3,7.3,100.0,74.2,82.5,84.1,85.4,79.3,4.8,5.4,High,1.7,64.9,1
S1696,18,Male,IT,3,1.8,72.9,45.8,63.4,58.2,37.4,61.5,0.9,8.2,Medium,3.2,43.6,1
S1398,19,Female,ECE,4,7.9,63.3,60.7,61.6,72.3,79.8,81.9,2.0,6.8,High,2.6,54.3,1
S0664,19,Female,Civil,3,4.5,76.2,56.1,65.1,76.8,73.6,79.3,2.7,6.3,Medium,4.4,45.2,1
S1836,21,Male,ME,2,4.1,80.2,54.4,74.0,84.7,78.1,81.9,2.8,6.9,Medium,5.8,45.3,1
S1258,20,Male,ECE,1,5.6,54.9,57.2,52.4,55.7,58.9,62.3,1.9,6.6,Medium,1.8,36.0,0
S1774,24,Female,EEE,2,3.9,79.8,62.2,65.6,73.2,65.2,73.3,3.5,5.9,Low,4.9,43.2,1
S1701,24,Female,IT,4,10.0,65.7,55.4,70.5,53.7,71.0,79.1,1.0,6.8,Medium,2.9,45.7,1
S0318,19,Male,CSE,3,4.9,44.7,74.3,51.6,62.4,65.0,69.7,2.8,8.6,Medium,1.7,52.4,1
S0649,22,Male,Civil,3,3.2,47.0,47.8,62.6,44.4,64.4,53.4,3.0,6.6,Low,3.2,34.6,0
S1435,19,Female,ME,1,13.1,100.0,98.0,100.0,100.0,100.0,77.3,6.1,5.2,High,3.7,78.1,1
S1480,20,Male,IT,2,5.4,76.2,85.8,70.8,76.4,62.7,81.7,3.4,8.6,Medium,0.6,50.2,1
S0710,21,Male,ME,4,2.4,70.7,51.7,65.1,62.0,59.6,60.6,4.3,8.4,Medium,4.8,29.5,0
S1383,24,Male,IT,4,8.9,99.3,68.9,88.6,61.7,72.0,72.3,4.9,6.6,High,2.7,66.6,1
S1283,21,Female,CSE,1,8.2,87.2,82.0,70.3,96.4,70.5,80.6,1.4,6.3,High,4.3,53.6,1
S0973,22,Female,ECE,1,8.6,98.4,75.8,82.0,83.3,76.7,70.8,4.5,6.7,High,4.1,75.5,1
S0628,22,Female,ECE,3,0.5,56.4,50.2,60.1,44.3,57.0,61.8,1.1,7.7,Low,5.2,37.4,0
S0633,20,Male,EEE,3,9.7,85.8,80.1,72.5,70.2,70.3,66.2,4.7,7.6,High,4.0,60.2,1
S1307,21,Male,ECE,4,2.8,50.8,45.3,46.6,56.5,58.1,61.5,1.9,5.7,Medium,4.3,36.8,0
S1401,19,Male,CSE,1,0.9,42.5,59.7,70.2,52.3,54.9,60.1,0.3,7.6,Low,3.8,37.8,0
S1409,21,Male,IT,1,4.0,100.0,57.9,83.8,61.3,89.7,72.0,4.7,5.7,Medium,2.1,43.5,1
S1249,23,Female,ECE,1,7.6,92.4,70.7,70.5,74.8,62.3,67.3,0.5,7.0,Low,2.4,48.1,1
S1953,21,Female,EEE,3,9.7,51.5,64.9,63.9,57.6,61.0,69.5,1.3,6.2,High,2.2,57.0,1
S1255,21,Male,Civil,2,3.5,93.3,66.8,85.5,64.6,82.4,74.9,4.8,6.5,High,4.2,55.2,1
S1497,21,Female,ECE,1,8.9,96.2,63.8,67.3,71.6,71.1,55.2,1.5,6.6,Medium,5.8,46.0,1
S1372,19,Female,IT,3,4.0,95.9,44.8,67.9,54.4,48.4,70.9,0.3,7.7,Low,5.0,37.5,0
S1530,21,Male,IT,1,7.3,72.9,65.3,73.0,74.8,76.0,78.3,5.0,8.5,Low,3.4,56.4,1
S1664,20,Male,ECE,2,3.3,67.1,61.5,51.0,67.4,64.0,68.5,3.3,7.5,Low,3.9,42.6,1
S1355,20,Male,ECE,1,13.6,100.0,88.2,86.9,75.0,76.7,78.7,2.4,6.3,High,3.9,66.3,1
S1926,18,Male,EEE,1,9.5,97.0,92.2,100.0,85.3,62.9,75.6,4.9,6.5,High,5.0,77.5,1
S1901,21,Male,ME,3,0.5,48.5,60.4,61.5,56.5,59.3,50.7,0.6,5.3,Low,3.5,39.4,0
S1644,21,Male,IT,1,3.4,61.3,34.7,43.8,50.7,30.5,43.8,0.7,6.9,Medium,3.0,39.2,0
S1849,23,Female,IT,1,5.5,48.9,69.4,70.3,65.1,45.6,72.5,2.8,6.3,Low,3.5,45.9,1
S0796,23,Female,IT,2,2.9,73.7,51.1,67.6,55.3,74.2,65.3,3.2,9.0,Medium,3.5,44.2,1
S0646,23,Male,EEE,2,4.5,93.1,76.3,73.5,73.5,70.2,77.0,3.0,6.4,High,1.8,49.0,1
S1013,23,Male,ECE,2,3.8,56.6,47.3,65.5,57.1,68.1,58.9,0.3,8.7,Low,3.7,36.4,0
S1840,19,Female,ME,4,1.6,48.8,60.2,52.1,53.9,44.2,67.7,1.4,9.0,Low,2.8,40.1,1
S0557,19,Male,ME,2,3.3,77.5,40.5,55.8,44.5,51.5,63.7,0.5,8.2,Low,3.0,46.6,1
S0682,19,Female,CSE,1,5.2,70.9,61.7,47.8,50.1,43.9,69.1,5.0,6.3,Low,2.0,55.9,1
S0578,23,Female,CSE,2,3.0,41.0,36.0,48.4,33.1,47.6,46.8,0.3,8.4,Low,4.8,29.2,0
S1110,19,Female,AIML,2,6.1,46.8,56.1,55.6,61.4,63.4,64.2,3.4,7.5,Medium,1.7,33.8,0
S1267,20,Male,IT,1,6.1,93.5,97.7,67.0,77.0,65.7,72.1,1.5,6.7,Low,2.3,53.4,1
S1723,20,Female,EEE,1,0.5,46.9,29.1,37.0,25.0,15.0,28.2,0.3,9.2,Low,6.5,30.2,0
S1184,23,Male,AIML,4,5.3,64.2,66.5,52.0,61.1,42.1,69.1,1.2,8.4,Low,5.0,44.3,1
S0525,22,Female,EEE,1,1.6,49.2,33.8,36.7,55.6,56.4,50.7,1.1,6.1,Low,3.1,35.3,0
S1060,21,Female,IT,4,3.3,72.3,84.4,83.0,69.2,63.6,59.4,3.2,6.6,Medium,4.7,50.0,1
S0541,24,Female,CSE,1,10.0,83.7,86.7,74.2,97.7,85.4,100.0,6.3,6.7,High,2.9,65.6,1
S1195,18,Male,CSE,4,0.5,59.6,67.5,54.3,61.6,68.0,49.3,4.1,7.2,Low,7.1,42.9,1
S1679,19,Female,EEE,1,5.9,43.6,46.9,63.0,62.4,52.2,64.5,0.3,5.7,Low,1.5,54.4,1
S0749,23,Female,IT,4,7.8,100.0,79.4,72.0,67.0,93.4,86.9,3.3,7.0,High,3.7,60.0,1
S1852,22,Male,AIML,3,0.5,39.1,30.6,49.2,40.4,51.4,55.5,1.6,7.4,Low,6.3,27.4,0
S1431,20,Female,ME,2,7.6,79.3,69.2,63.0,58.4,54.9,65.8,2.6,6.8,Medium,2.2,50.0,1
S0485,21,Male,CSE,1,7.6,97.5,81.4,70.8,79.3,70.7,75.6,3.7,5.4,Medium,4.0,63.1,1
S1758,20,Male,IT,4,0.5,63.8,37.2,55.4,33.9,53.6,60.7,0.3,6.4,Low,6.7,28.9,0
S0096,20,Female,ECE,3,1.3,76.1,47.8,59.8,54.4,51.8,64.9,0.3,7.8,Low,4.3,36.4,0
S1021,21,Male,ME,3,7.1,68.4,57.9,55.7,77.5,49.3,70.3,5.1,8.0,Low,6.5,50.5,1
S0564,18,Male,CSE,3,8.0,100.0,87.8,84.0,77.8,56.9,72.0,3.4,5.1,High,4.7,57.6,1
S1265,18,Female,AIML,4,5.4,70.1,49.5,75.3,54.5,47.0,59.7,0.8,6.8,Medium,3.6,37.8,0
S0743,22,Male,CSE,3,3.4,81.5,70.7,71.3,73.7,58.7,85.1,3.5,5.3,Medium,2.2,46.6,1
S0864,20,Female,IT,1,2.5,73.1,60.9,62.9,76.0,47.1,74.0,1.2,8.0,Medium,5.8,39.0,0
S1599,18,Male,ME,4,1.1,62.4,52.1,42.3,48.7,44.9,48.0,1.2,6.7,Low,4.1,27.5,0
S1715,18,Female,ME,1,5.3,71.2,43.8,50.8,43.9,54.9,57.7,0.3,8.9,Low,1.8,28.7,0
S1485,20,Female,ME,2,0.5,64.7,66.1,70.0,76.2,56.0,60.3,0.6,8.8,Medium,2.3,51.0,1
S0892,22,Female,CSE,4,2.7,75.9,79.0,71.4,78.5,85.6,78.5,4.5,7.4,Medium,2.1,55.1,1
S1578,21,Male,AIML,3,4.5,68.7,83.6,61.5,59.4,59.1,62.0,3.9,8.3,High,4.8,53.0,1
S1039,18,Male,EEE,3,0.5,63.8,46.8,53.5,54.5,50.8,65.5,3.0,6.8,Low,4.1,40.0,1
S0207,18,Male,ECE,1,0.5,63.7,41.7,54.3,48.1,42.4,38.6,0.8,7.1,Low,6.5,43.9,1
S0393,20,Male,ME,3,4.3,87.1,69.5,74.6,66.9,60.8,73.5,3.6,5.1,Low,1.6,50.1,1
S0795,18,Male,IT,2,15.2,87.5,86.9,100.0,100.0,88.2,95.4,5.4,6.5,High,1.5,76.3,1
S0871,20,Female,IT,2,2.9,54.6,66.5,52.8,51.8,64.2,71.3,0.7,6.7,Medium,5.1,48.2,1
S0398,20,Male,CSE,2,1.5,35.0,41.7,65.2,45.5,54.5,61.0,0.3,6.2,Medium,3.4,46.3,1
S0767,22,Male,Civil,4,6.2,100.0,97.3,77.4,83.3,85.0,83.6,3.8,5.6,Low,4.6,48.0,1
S1842,20,Male,CSE,2,3.6,87.3,49.5,60.4,53.7,67.0,73.9,1.4,8.2,Low,2.1,43.9,1
S1242,22,Male,IT,4,10.8,100.0,75.4,81.4,82.4,74.3,68.0,2.9,8.8,Medium,2.7,66.8,1
S1029,20,Female,EEE,2,9.8,100.0,98.0,100.0,99.0,100.0,100.0,5.1,7.9,High,3.5,66.2,1
S1793,20,Female,AIML,2,4.7,81.1,62.5,63.3,69.9,75.2,58.2,3.3,8.2,High,3.7,50.1,1
S0643,19,Female,Civil,2,0.5,62.4,30.8,54.7,44.3,48.3,56.7,0.3,7.6,Low,3.5,24.0,0
S1892,20,Male,ECE,2,7.8,83.5,64.0,71.5,48.1,56.6,74.5,1.9,7.5,High,4.8,47.3,1
S0613,21,Male,ECE,1,6.7,74.4,75.5,81.2,77.1,76.7,84.5,4.9,6.9,High,1.5,73.8,1
S1763,18,Male,AIML,2,2.6,70.2,39.3,64.8,38.7,63.7,63.6,2.6,4.9,Low,4.7,48.3,1
S0961,18,Male,ECE,3,4.9,76.0,73.5,71.5,65.6,60.0,76.0,4.3,8.7,Low,5.0,52.3,1
S1571,21,Male,AIML,2,15.3,100.0,97.4,100.0,100.0,87.9,99.4,5.2,6.5,High,3.4,71.9,1
S0726,22,Male,CSE,1,2.0,40.1,58.0,51.2,53.7,48.0,60.5,1.9,7.2,Medium,3.5,28.4,0
S0684,21,Male,IT,2,0.5,67.9,70.8,60.8,45.1,54.9,56.1,1.6,8.4,Low,5.2,45.9,1
S0099,18,Female,CSE,1,7.5,75.1,69.4,68.2,53.9,59.5,82.8,2.6,5.8,Medium,3.8,57.2,1
S0805,20,Male,Civil,2,0.5,55.6,44.7,39.5,25.7,49.6,52.3,0.3,5.4,Low,2.0,29.3,0
S1752,19,Female,EEE,3,1.3,57.5,46.8,64.2,45.9,53.0,67.7,1.1,6.1,Low,0.5,31.6,0
S1598,18,Female,ME,1,1.0,79.7,65.2,57.3,64.0,53.3,46.5,0.4,9.7,Low,3.5,50.3,1
S0407,20,Male,AIML,2,16.5,87.2,94.7,87.8,70.3,70.8,82.2,5.1,7.8,High,3.0,66.7,1
S0503,20,Female,IT,2,0.5,73.7,55.4,60.4,50.0,38.8,79.2,1.9,5.3,Medium,5.6,50.8,1
S1072,19,Female,EEE,2,0.5,45.8,41.2,51.2,35.7,53.7,45.4,0.3,7.4,Low,1.9,24.9,0
S1057,22,Female,IT,4,0.5,48.8,44.0,58.4,44.5,46.6,44.3,0.3,5.4,Low,5.4,35.5,0
S0930,19,Male,AIML,3,9.3,84.6,90.8,98.8,77.7,71.3,77.2,3.9,6.5,High,2.7,58.8,1
S0780,21,Male,CSE,1,6.9,100.0,93.6,79.9,73.5,74.2,94.0,3.7,7.1,High,4.0,69.3,1
S0201,21,Female,Civil,3,4.0,87.4,85.8,64.7,54.8,75.7,78.1,3.8,7.5,Low,4.1,54.9,1
S0135,23,Female,ME,1,2.3,36.1,46.9,56.2,50.9,38.2,58.3,1.0,6.8,Low,3.7,36.9,0
S1052,21,Male,EEE,2,10.0,100.0,79.8,78.1,58.2,79.0,86.4,3.4,7.2,High,2.4,76.0,1
S0041,19,Female,Civil,3,2.6,61.8,84.4,60.0,72.4,69.0,73.6,2.7,6.4,Medium,4.8,52.0,1
S1018,21,Male,IT,1,0.5,39.9,29.6,25.4,47.2,33.8,37.5,0.3,7.4,Low,2.0,23.0,0
S0231,22,Female,ME,3,9.2,84.8,87.3,83.7,92.5,66.9,73.5,5.3,6.7,High,1.7,70.4,1
S1514,18,Female,ME,1,2.6,83.0,66.8,70.9,73.8,62.4,91.0,3.3,8.7,High,4.0,52.1,1
S1797,21,Male,CSE,4,5.6,86.4,65.1,65.5,53.1,83.4,72.4,1.3,5.6,Medium,3.3,49.5,1
S0379,22,Male,CSE,4,5.2,57.4,48.8,66.0,61.8,51.7,56.5,1.1,6.3,Medium,2.0,35.7,0
S0289,19,Male,IT,4,1.4,65.8,73.3,50.1,81.5,46.6,64.8,0.4,6.8,Low,4.5,37.0,0
S0419,21,Male,IT,3,2.8,76.3,67.6,64.9,74.7,77.0,78.1,4.1,6.9,Low,6.3,59.1,1
S1699,24,Female,AIML,2,4.2,86.9,56.5,68.7,66.8,46.3,61.6,3.4,6.7,High,0.6,52.6,1
S0392,20,Male,ECE,2,6.0,76.4,68.0,68.6,59.4,69.0,76.8,4.1,7.4,Low,1.4,49.9,1
S0593,19,Female,ECE,2,2.2,59.1,43.7,69.0,51.3,52.9,54.0,0.5,8.3,Medium,1.1,37.7,0
S1523,20,Male,ME,3,12.2,69.0,73.9,88.0,66.5,86.7,85.2,5.6,6.5,Medium,1.7,62.0,1
S1163,20,Male,IT,3,10.5,100.0,95.3,97.9,79.3,85.9,88.4,5.0,6.9,High,2.6,72.2,1
S1087,21,Male,EEE,3,8.2,85.1,78.0,87.6,57.0,61.0,78.5,2.9,5.2,High,5.3,57.8,1
S1496,21,Male,IT,1,5.9,58.3,62.2,80.2,57.9,53.0,70.0,2.2,6.5,Medium,3.4,35.8,0
S0648,21,Male,CSE,4,7.1,100.0,77.2,74.9,73.6,84.4,86.2,2.9,7.3,Medium,5.7,71.6,1
S1153,21,Female,Civil,4,0.5,91.1,56.3,50.4,47.1,47.8,52.0,2.1,6.4,Low,5.1,35.4,0
S1368,23,Male,IT,3,8.5,49.6,64.9,68.0,55.9,54.1,55.6,4.2,8.6,Medium,2.6,48.5,1
S0521,21,Female,Civil,1,3.2,41.1,54.1,36.5,73.8,41.0,66.6,2.3,7.4,Low,1.3,44.7,1
S1863,19,Male,CSE,1,0.5,71.0,25.0,33.6,41.5,28.4,41.2,0.3,7.5,Low,6.0,32.9,0
S0065,19,Male,Civil,1,3.6,55.8,64.9,72.7,62.8,54.6,53.3,1.2,5.1,Low,5.5,37.3,0
S1837,19,Female,Civil,3,0.5,72.1,51.1,37.1,41.9,42.4,57.6,1.0,7.4,Low,1.8,40.5,1
S0015,19,Male,ME,2,14.9,100.0,91.5,97.7,98.8,86.6,100.0,6.1,5.8,High,2.6,69.2,1
S1181,24,Male,IT,1,7.1,60.4,43.1,60.8,35.5,68.5,73.2,0.3,6.7,High,2.5,50.7,1
S1065,20,Female,EEE,1,8.1,86.8,82.6,83.1,94.0,86.6,86.4,6.6,6.3,High,5.7,67.7,1
S0493,19,Female,ECE,2,10.6,80.7,50.0,72.3,70.5,65.8,70.7,2.9,6.6,Medium,2.5,57.2,1
S0380,19,Female,ECE,4,5.8,76.5,67.4,67.5,73.3,66.1,59.7,3.3,6.6,Low,2.5,51.7,1
S0188,21,Female,ECE,2,10.3,77.8,73.7,99.1,74.5,79.6,91.1,1.4,6.3,High,3.5,49.6,1
S0764,22,Male,CSE,2,6.7,56.5,47.5,64.1,55.0,63.6,60.8,2.0,5.9,Low,3.5,45.1,1
S0217,20,Female,CSE,1,0.5,30.0,25.0,32.2,33.9,16.3,38.2,0.7,9.2,Low,5.5,18.0,0
S0792,21,Female,AIML,2,4.8,88.4,90.0,74.2,56.0,91.7,79.6,4.0,6.9,High,7.0,66.8,1
S1077,20,Female,ME,3,9.6,86.5,66.8,81.1,67.5,80.3,78.4,3.8,7.9,High,5.3,65.4,1
S0879,18,Female,IT,3,6.2,31.9,66.2,52.2,64.5,77.6,67.3,2.2,6.9,Medium,4.4,48.4,1
S0338,21,Male,Civil,1,3.8,71.1,56.9,70.7,81.0,70.3,79.5,1.5,6.9,Medium,4.7,49.3,1
S1773,23,Male,CSE,1,5.5,33.6,44.3,34.9,37.4,40.0,42.5,0.3,9.9,Low,5.5,30.4,0
S0720,22,Male,AIML,2,3.4,31.4,56.3,47.0,47.7,15.0,32.4,0.5,6.2,Low,3.5,22.3,0
S1749,22,Male,AIML,2,2.9,73.0,33.0,54.7,33.5,60.6,70.3,2.6,8.1,Medium,2.9,32.1,0
S0296,21,Male,IT,4,5.2,76.2,64.5,47.0,51.9,71.1,57.4,2.6,9.4,Low,2.0,48.2,1
S1726,18,Female,ME,1,3.0,100.0,61.5,63.3,56.6,81.7,62.1,1.8,8.5,Medium,0.5,49.2,1
S1017,19,Female,CSE,1,5.3,75.4,63.4,80.1,69.2,64.4,76.0,2.2,7.5,High,1.6,48.0,1
S1276,18,Female,CSE,4,6.0,77.7,69.4,68.5,70.0,64.7,65.1,2.6,9.1,Medium,4.9,39.6,0
S1751,21,Female,CSE,1,1.8,81.0,51.5,73.8,46.3,69.7,63.8,0.3,6.3,High,4.3,36.9,0
S1486,20,Female,AIML,3,1.9,78.8,69.8,61.4,43.7,46.8,71.2,2.2,8.1,Low,4.5,49.9,1
S0456,20,Male,CSE,1,3.9,76.3,72.0,75.1,59.2,66.0,80.3,1.9,7.2,Medium,3.4,52.3,1
S1997,24,Male,ECE,1,8.6,59.6,70.3,62.6,63.2,53.1,70.1,0.3,6.4,Low,5.0,48.5,1
S0816,20,Female,AIML,1,3.8,66.6,64.8,67.5,60.4,82.2,64.1,1.3,6.9,Medium,2.0,42.5,1
S1887,18,Female,ECE,1,1.5,61.6,74.0,69.5,63.8,79.9,72.7,3.1,6.4,Medium,1.1,44.2,1
S0270,19,Male,AIML,3,2.3,49.4,49.5,55.1,64.7,39.9,63.3,0.3,9.1,Medium,5.6,39.4,0
S0996,18,Female,Civil,3,4.9,53.2,42.8,47.9,49.1,37.9,60.7,1.1,7.5,Low,2.2,36.3,0
S0202,18,Male,CSE,2,0.5,56.5,42.8,40.6,65.6,44.2,59.5,1.6,6.4,Low,4.0,32.2,0
S0162,21,Female,CSE,2,5.8,68.2,60.8,82.3,68.5,75.2,61.3,2.9,6.9,Medium,1.6,55.4,1
S1580,21,Male,IT,3,2.0,64.8,57.7,63.9,67.6,75.2,82.8,1.3,7.6,Medium,4.4,37.5,0
S0730,19,Male,CSE,4,2.1,73.1,53.9,63.4,81.2,45.1,59.6,0.3,5.7,Medium,5.5,48.2,1
S0402,23,Male,ECE,4,0.5,71.7,50.5,54.9,55.3,47.5,44.9,1.6,8.3,Medium,2.4,44.7,1
S0703,20,Male,ME,2,6.1,94.6,70.8,66.1,89.0,73.8,82.7,2.2,7.3,High,2.5,54.6,1
S1501,20,Male,ECE,3,9.0,55.8,73.4,53.1,60.9,40.1,60.2,2.1,8.0,Low,3.3,55.6,1
S1846,19,Female,CSE,3,14.8,100.0,83.3,99.3,71.9,74.4,79.4,6.1,4.4,High,5.0,72.5,1
S1796,18,Female,EEE,1,9.9,78.1,80.9,69.2,93.3,75.2,92.8,6.8,6.9,Medium,1.4,73.0,1
S1130,19,Female,Civil,4,4.0,59.4,37.0,64.6,48.3,42.0,62.2,1.3,7.5,Low,7.0,42.9,1
S0566,21,Male,Civil,2,3.3,52.0,44.9,53.1,43.6,60.3,61.8,3.3,7.1,Low,4.4,43.1,1
S1414,18,Male,CSE,4,0.9,58.3,71.1,78.1,70.3,69.6,76.0,2.1,5.1,High,1.7,43.3,1
S1022,19,Male,IT,4,5.4,95.8,51.7,83.6,62.7,65.4,79.1,3.2,6.6,Medium,1.7,53.9,1
S1026,20,Male,ECE,2,9.0,85.7,78.0,68.2,62.7,52.8,59.8,0.9,8.5,High,5.3,61.0,1
S1412,18,Male,IT,2,4.1,79.8,64.4,60.2,52.7,62.9,70.7,1.9,8.3,High,1.4,46.1,1
S1896,22,Female,CSE,4,8.7,99.2,98.0,88.8,98.1,86.9,81.3,4.1,6.1,High,4.6,73.9,1
S1586,19,Male,CSE,3,0.5,47.6,38.5,52.5,35.2,50.6,61.2,0.3,6.7,Low,5.0,27.9,0
S1105,25,Male,IT,1,0.5,57.5,47.3,60.2,58.6,58.7,68.8,1.7,7.0,Low,2.6,34.1,0
S0206,18,Female,ECE,4,4.9,53.4,61.8,72.1,68.5,85.4,70.3,2.2,5.5,High,0.7,49.8,1
S0035,24,Female,CSE,3,5.7,69.6,63.2,76.7,64.4,69.5,92.4,2.9,7.1,High,4.2,39.8,0
S0776,19,Male,Civil,2,14.4,83.0,79.4,98.3,96.8,90.2,87.7,6.1,6.5,High,2.1,67.5,1
S0509,23,Female,ECE,4,9.4,68.0,70.0,73.3,72.8,39.2,81.3,1.9,8.0,Low,0.5,39.6,0
S1452,21,Female,CSE,2,3.3,59.9,56.6,64.0,66.5,59.2,68.4,1.9,7.7,Low,5.0,44.1,1
S1479,22,Male,EEE,4,9.6,66.3,53.9,61.4,64.0,66.7,62.2,1.3,6.3,Low,1.1,55.2,1
S1971,18,Female,EEE,4,0.5,63.5,73.8,42.2,65.6,49.0,84.9,0.3,7.8,Low,3.6,53.3,1
S1391,19,Male,CSE,3,12.9,100.0,98.0,95.0,84.2,100.0,91.3,3.8,5.8,High,0.9,68.0,1
S0092,21,Female,IT,4,1.3,59.4,51.2,58.1,56.0,59.0,57.2,1.7,6.1,Low,5.1,40.2,1
S1364,21,Male,ME,4,5.1,69.9,82.8,89.0,70.0,55.9,60.3,4.2,7.0,High,0.7,41.8,1
S0898,23,Male,IT,1,2.7,53.7,39.6,48.5,54.2,41.7,44.9,2.1,7.0,Low,3.7,31.8,0
S0565,20,Male,CSE,1,8.2,87.4,79.7,100.0,84.7,78.3,86.3,4.9,6.1,High,0.5,59.4,1
S1370,19,Female,CSE,4,0.5,47.9,40.3,51.3,33.4,32.7,35.9,0.3,9.0,Low,4.3,34.6,0
S0777,19,Male,CSE,3,8.7,63.4,60.7,69.9,66.3,83.9,62.8,0.7,7.9,High,3.7,51.5,1
S0242,24,Male,IT,1,3.7,33.3,60.6,51.0,48.7,63.3,65.8,2.4,7.1,Medium,3.9,37.3,0
S0014,19,Male,CSE,2,8.4,92.5,79.2,86.6,65.1,57.1,74.5,3.0,7.0,High,6.0,51.0,1
S0316,21,Male,CSE,4,11.9,97.0,98.0,100.0,93.1,91.9,82.1,7.1,6.0,High,3.1,87.2,1
S0601,19,Female,CSE,3,9.5,57.4,59.7,71.0,73.6,76.3,64.3,2.2,8.4,Medium,3.7,48.2,1
S0388,19,Female,CSE,3,2.9,57.1,55.3,62.6,54.9,62.0,66.1,0.8,7.6,Low,3.3,30.9,0
S1298,18,Male,ME,2,6.2,73.5,63.4,76.2,71.7,50.2,67.8,0.7,7.8,Medium,2.3,47.3,1
S0167,20,Female,CSE,2,9.9,94.3,59.0,69.8,76.2,73.1,68.7,0.6,7.6,Medium,3.8,40.6,1
S0841,18,Male,AIML,4,4.6,72.1,65.7,60.2,53.6,55.0,53.7,0.3,8.8,High,5.0,43.4,1
S0021,21,Female,IT,2,0.5,80.8,74.2,61.7,58.9,52.2,60.1,4.0,7.7,Medium,3.3,39.5,0
S0647,21,Female,ME,4,8.9,72.1,61.2,56.3,53.9,52.0,50.2,2.8,9.0,Medium,4.4,50.3,1
S1843,20,Male,CSE,1,4.1,80.4,79.1,100.0,82.1,75.7,83.8,5.3,6.5,High,1.6,58.5,1
S1509,21,Female,CSE,3,11.0,68.4,65.4,81.0,88.2,60.4,57.9,0.7,8.1,Low,1.1,49.4,1
S1155,21,Male,ME,2,0.5,86.0,58.2,41.6,46.5,39.4,61.0,1.2,6.4,Low,4.5,34.2,0
S1529,22,Female,IT,3,5.6,62.5,51.3,50.5,69.9,82.8,68.1,2.0,4.8,Medium,2.0,54.9,1
S0832,20,Female,EEE,1,5.0,88.3,66.8,64.3,47.7,67.4,77.6,2.5,6.0,Low,3.8,44.9,1
S1268,20,Female,ECE,2,0.5,56.2,52.0,43.7,59.8,36.0,75.9,0.3,5.2,Low,5.3,42.1,1
S1591,21,Female,IT,1,1.7,45.8,44.2,49.5,44.3,40.3,65.1,1.7,5.0,Low,0.9,31.2,0
S1900,22,Female,ECE,4,8.2,100.0,81.0,81.0,74.6,79.0,74.5,4.4,6.8,High,3.2,61.7,1
S0563,19,Male,Civil,1,4.3,71.2,67.1,60.0,64.0,53.0,69.2,3.4,7.6,Medium,2.5,45.9,1
S1952,19,Female,CSE,1,4.5,72.1,42.8,55.5,57.6,43.4,60.2,2.0,9.2,Low,6.9,41.7,1
S0687,21,Male,CSE,2,3.6,79.9,76.4,68.2,72.6,55.7,59.8,3.3,6.0,Medium,3.8,44.6,1
S0958,18,Female,ME,3,12.0,87.6,92.6,65.8,86.3,81.0,86.3,3.3,8.2,High,3.0,67.9,1
S0190,19,Female,ME,1,2.9,62.2,42.5,63.3,54.0,58.1,52.6,1.1,5.7,Low,6.2,38.1,0
S1807,21,Male,IT,3,10.3,86.7,76.7,76.7,87.4,65.0,75.3,2.9,5.7,High,5.2,51.9,1
S0976,19,Male,ECE,2,4.0,71.3,65.7,52.7,55.5,64.6,70.3,0.3,8.2,Medium,4.6,51.4,1
S0700,20,Female,AIML,2,1.9,56.3,49.6,46.4,40.3,38.6,53.3,0.3,7.4,Low,5.2,40.1,1
S1500,22,Female,ME,3,0.5,64.3,58.7,58.4,62.8,51.3,47.4,2.0,7.9,Low,2.3,45.7,1
S1706,18,Female,IT,1,5.1,89.5,75.4,74.6,94.5,88.6,87.8,5.1,8.8,High,2.6,57.5,1
S0511,21,Male,CSE,1,3.2,60.6,52.9,61.6,47.7,20.6,52.9,0.4,5.3,Low,6.0,48.2,1
S1083,20,Male,Civil,2,0.5,66.4,53.3,47.6,70.3,59.9,75.5,3.1,7.7,Low,4.5,33.0,0
S0475,21,Male,ME,3,4.2,62.0,71.2,81.2,67.6,73.3,67.8,4.9,7.2,High,4.1,59.6,1
S1585,25,Male,ECE,3,9.7,84.5,77.0,80.6,74.0,79.8,79.8,6.2,9.1,High,3.0,76.6,1
S0857,18,Male,CSE,3,0.5,70.3,64.5,54.5,40.7,45.7,65.5,0.3,7.5,Low,4.6,43.0,1
S0748,21,Male,CSE,1,0.9,86.4,56.1,56.1,56.5,34.4,46.9,1.4,7.0,Low,0.5,43.4,1
S0253,22,Female,IT,2,3.0,81.8,67.8,65.8,77.9,55.0,61.1,1.3,7.8,Low,3.9,44.1,1
S0022,19,Female,CSE,4,6.9,84.1,94.8,83.0,68.9,65.3,95.1,3.5,5.3,High,3.4,64.0,1
S1338,21,Female,ECE,1,0.7,58.0,37.1,28.4,40.3,44.4,38.6,0.3,8.3,Low,5.6,31.3,0
S0460,18,Male,ECE,2,7.7,75.3,48.8,77.5,64.9,64.6,56.9,2.6,7.8,Low,1.8,49.8,1
S1185,18,Male,EEE,1,9.2,55.8,77.5,77.4,72.2,72.4,96.0,1.8,6.0,High,3.7,51.4,1
S0277,22,Female,IT,1,2.3,80.1,46.0,82.9,79.0,80.3,71.4,3.5,8.0,High,4.5,50.5,1
S0956,20,Female,EEE,2,7.3,79.9,61.6,73.6,66.3,73.8,65.9,4.4,7.1,Low,4.4,51.2,1
S1216,19,Male,ME,3,3.0,79.2,70.5,69.6,52.7,57.9,73.1,2.9,6.5,Low,3.2,42.4,1
S0386,22,Female,ECE,3,2.2,57.5,63.4,59.8,53.1,39.7,54.2,0.4,7.2,Low,5.8,36.1,0
S0806,22,Female,ECE,4,6.5,63.1,65.1,62.0,68.7,46.3,55.8,1.8,5.6,Low,3.7,34.7,0
S1438,21,Female,Civil,1,1.6,81.1,74.7,65.6,68.7,51.2,77.9,0.3,6.8,High,3.9,48.3,1
S1516,18,Female,EEE,4,0.7,66.7,51.4,45.5,59.0,54.1,73.9,0.3,6.3,Low,6.8,32.6,0
S0344,20,Male,Civil,4,13.1,96.5,68.6,96.1,90.8,89.5,80.5,6.8,5.5,High,3.7,78.2,1
S0770,22,Female,IT,2,3.7,39.7,46.1,55.2,57.0,74.7,59.5,1.8,6.7,Low,3.1,31.9,0
S1333,19,Male,CSE,4,3.7,100.0,86.5,86.3,82.0,87.9,91.3,4.5,5.6,High,1.4,64.0,1
S1686,22,Female,EEE,3,6.7,79.3,42.4,62.2,54.0,64.6,59.9,0.3,6.9,Medium,4.2,38.8,0
S0131,20,Male,IT,2,0.5,58.3,38.0,42.9,63.5,30.5,37.2,2.3,8.4,Low,7.4,30.8,0
S1688,20,Male,AIML,2,2.9,100.0,63.6,74.8,66.7,76.2,76.5,2.8,6.6,Medium,6.0,51.8,1
S0872,19,Female,CSE,1,7.5,75.0,60.5,62.8,77.5,73.6,58.9,3.1,6.2,High,2.2,55.7,1
S1124,22,Male,ECE,4,8.4,73.7,70.2,57.5,70.5,68.6,75.2,2.0,5.1,High,4.0,43.2,1
S1397,20,Female,CSE,1,3.5,82.9,79.6,65.0,65.9,56.6,71.7,4.3,5.1,Medium,4.6,52.7,1
S0088,21,Female,ME,1,6.4,88.6,61.5,68.7,73.8,71.4,70.2,2.4,6.9,Medium,4.7,53.0,1
S1483,21,Male,ECE,2,3.5,59.5,51.6,64.7,62.2,70.6,62.6,3.4,6.2,High,4.1,48.9,1
S0331,20,Male,IT,1,3.5,63.0,71.5,71.8,60.6,46.6,67.6,1.6,8.3,Low,6.1,59.7,1
S1239,24,Female,CSE,3,0.5,71.0,73.9,81.8,64.7,70.4,77.8,2.1,5.7,High,4.6,47.2,1
S0467,19,Male,CSE,3,8.2,100.0,84.9,79.9,72.7,73.7,76.5,1.4,6.1,Medium,4.7,56.8,1
S0122,23,Male,ECE,1,7.3,73.5,57.0,76.3,62.2,50.4,68.8,2.0,7.6,Low,2.5,42.2,1
S1639,25,Male,CSE,1,1.6,61.1,32.3,50.2,36.1,41.2,35.8,0.3,7.2,Low,4.0,26.0,0
S1045,23,Female,ME,4,2.8,58.6,55.3,50.3,65.0,47.5,52.5,1.0,6.5,Low,5.1,42.0,1
S1725,21,Male,CSE,4,1.2,43.6,50.4,55.1,68.3,35.5,58.1,1.3,7.9,Low,5.7,37.4,0
S1096,19,Female,IT,3,3.3,63.3,60.6,60.8,63.3,41.3,73.8,2.3,7.6,Low,2.6,49.5,1
S1131,22,Female,ECE,2,6.8,49.2,66.5,89.8,77.6,57.7,77.5,1.9,7.4,Medium,1.8,53.0,1
S1295,22,Female,EEE,1,1.4,31.8,33.8,41.4,49.5,38.9,65.5,0.9,4.5,Medium,4.8,21.5,0
S0861,22,Female,ME,1,6.6,53.3,76.2,74.5,72.4,86.6,88.6,0.3,8.3,Medium,2.2,40.1,1
S1460,21,Female,AIML,1,7.4,91.2,64.6,74.6,79.2,71.8,74.5,2.8,6.3,High,2.8,51.1,1
S1127,18,Female,ECE,1,4.3,73.4,47.8,81.9,48.2,68.1,72.2,2.3,6.7,High,1.6,43.8,1
